{
"type": "FeatureCollection",
"name": "CT FIGUIG",
"crs": { "type": "name", "properties": { "name": "urn:ogc:def:crs:OGC:1.3:CRS84" } },
"features": [
{ "type": "Feature", "properties": { "Nom_Commun": "Abbou Lakhal", "Province": "Figuig", "Population 2024": 1789, "Taux d'analphabétisme  (%)": 46.8, "Taux de scolarisation (%)": 86.1, "Taux d'activité (%)": 44.6, "Taux de chômage (%)": 8.5, "Eau courante (%)": 6.4, "Électricité (%)": 90.2, "Indice de pauvreté multidimensionnelle (en %)": 24.81, "Taux de pauvreté (en %)": 56.3, "Taux de vulnérabilité (en %)": 17.0, "Accès_à_Assainissement": 12.2 }, "geometry": { "type": "MultiPolygon", "coordinates": [ [ [ [ -2.024987738777363, 32.152420624137839 ], [ -2.012287737451674, 32.160120624117724 ], [ -1.998587738241855, 32.164220624415009 ], [ -1.982187738114224, 32.173720624300408 ], [ -1.972787737788964, 32.181320624796626 ], [ -1.958887737371088, 32.202220624509089 ], [ -1.949087738326014, 32.211320624578242 ], [ -1.927487738829528, 32.221320624109865 ], [ -1.910687738936707, 32.226420623978299 ], [ -1.89158773825819, 32.230820624787967 ], [ -1.867487738879386, 32.233120624752921 ], [ -1.84518773838447, 32.234520624133431 ], [ -1.8053877388939, 32.232620624159956 ], [ -1.796287738976947, 32.231120624991377 ], [ -1.788687738769111, 32.22792062435957 ], [ -1.777887739017796, 32.223620624539372 ], [ -1.760387739045717, 32.221320624718302 ], [ -1.748587738322135, 32.218720624640461 ], [ -1.734387738172167, 32.217720624391134 ], [ -1.717587738806517, 32.21702062468583 ], [ -1.716587738752905, 32.223820624921892 ], [ -1.716187738868122, 32.238520624398916 ], [ -1.713187737474499, 32.24632062476929 ], [ -1.705787738405625, 32.255720624600876 ], [ -1.678087738485786, 32.274020625116947 ], [ -1.642087737346791, 32.298020625094054 ], [ -1.614887739162611, 32.333420624608273 ], [ -1.594387738099381, 32.367120624976074 ], [ -1.579187738824124, 32.400820624381076 ], [ -1.562887738308243, 32.415820624835952 ], [ -1.548987737381785, 32.424220624844608 ], [ -1.537087738685909, 32.426220624168124 ], [ -1.527287738823556, 32.424020624873215 ], [ -1.523587738463939, 32.419720624888072 ], [ -1.500687737894416, 32.415820624552275 ], [ -1.486787739048481, 32.378420624268117 ], [ -1.446087737832459, 32.376320624950154 ], [ -1.421387739118909, 32.37422062461431 ], [ -1.410787739135155, 32.372520624943434 ], [ -1.390387738824191, 32.368620624759473 ], [ -1.371887737517707, 32.367720625009078 ], [ -1.358487737748568, 32.367320625127938 ], [ -1.348287738017333, 32.365620624528887 ], [ -1.325187738710648, 32.375320624426173 ], [ -1.323487738684609, 32.376120624910754 ], [ -1.325087738144147, 32.388020624890999 ], [ -1.311087739210137, 32.395220624627015 ], [ -1.301687739212779, 32.404020624520214 ], [ -1.301687738427596, 32.411220624749902 ], [ -1.294887737360116, 32.421220625147335 ], [ -1.25378773897666, 32.449220625039516 ], [ -1.245687738660384, 32.452420624465745 ], [ -1.2338877386741, 32.460020624934877 ], [ -1.2044877392286, 32.472820625224593 ], [ -1.185487737596671, 32.47782062441329 ], [ -1.170887738339918, 32.476320624631747 ], [ -1.149387737603996, 32.475720624715876 ], [ -1.13038773858123, 32.472420624883597 ], [ -1.107187739328009, 32.465020625088982 ], [ -1.075887737894805, 32.457320624598182 ], [ -1.071487739252764, 32.45742062471092 ], [ -1.190087739421042, 32.333520625496682 ], [ -1.208187738718533, 32.306520625205344 ], [ -1.208587739159269, 32.244820625511878 ], [ -1.207287737819672, 32.223520624800607 ], [ -1.195087738533093, 32.203920625089047 ], [ -1.191287738856002, 32.19812062543955 ], [ -1.185687738077476, 32.189520624932733 ], [ -1.172587739535727, 32.174420625688128 ], [ -1.1723877391446, 32.16202062487433 ], [ -1.17958773829379, 32.144020625588198 ], [ -1.178387737739163, 32.137520625809564 ], [ -1.170487739284924, 32.12592062581826 ], [ -1.159987737924537, 32.112920625905765 ], [ -1.155587739343968, 32.104320625864062 ], [ -1.158887738720159, 32.087920625597484 ], [ -1.1690877392681, 32.073820625196191 ], [ -1.178387738148695, 32.065120625707337 ], [ -1.200987738438462, 32.05132062543629 ], [ -1.223987738031068, 32.041120625528251 ], [ -1.241187739577932, 32.034420625339457 ], [ -1.266787737846037, 32.034020624996039 ], [ -1.285987739180788, 32.038420625701903 ], [ -1.309287738987886, 32.038420625049021 ], [ -1.329087739420012, 32.043720625342097 ], [ -1.358987739016808, 32.050120625548821 ], [ -1.403287738151202, 32.061420624974843 ], [ -1.416587738630376, 32.06492062509723 ], [ -1.423587739088915, 32.066820625671156 ], [ -1.446087738304141, 32.0713206253686 ], [ -1.481087738257799, 32.08442062474299 ], [ -1.49758773942345, 32.089020624822183 ], [ -1.533287737569621, 32.09202062513031 ], [ -1.563787738593672, 32.097420625167814 ], [ -1.590387738784654, 32.098020624620162 ], [ -1.62498773759988, 32.100920625365866 ], [ -1.659787737955302, 32.099220624602552 ], [ -1.680387737796023, 32.100420625382704 ], [ -1.715187738507763, 32.099520624513261 ], [ -1.739287737522358, 32.103620624385286 ], [ -1.762487737943912, 32.106320624540373 ], [ -1.792087737972985, 32.110220624294328 ], [ -1.828287737736553, 32.113620624894139 ], [ -1.852487738977829, 32.118220625034006 ], [ -1.883087739084054, 32.124020625000171 ], [ -1.909787737529935, 32.130520624751831 ], [ -2.024987738777363, 32.152420624137839 ] ], [ [ -1.240587738715458, 32.081420625252989 ], [ -1.239887738317034, 32.08142062567169 ], [ -1.23758773884371, 32.081320625016865 ], [ -1.236187738357861, 32.081420625314031 ], [ -1.235787738416724, 32.081420625410523 ], [ -1.23568773919166, 32.084420624982513 ], [ -1.234187737839025, 32.084720624974217 ], [ -1.232787738355468, 32.084820625270943 ], [ -1.231487739666424, 32.085020625254209 ], [ -1.230687738094645, 32.085120624906907 ], [ -1.229587739376789, 32.085320625342113 ], [ -1.22878773880577, 32.085420624994789 ], [ -1.227787739573794, 32.085620625656084 ], [ -1.226587738914892, 32.086320625168902 ], [ -1.22468773940508, 32.087520625405844 ], [ -1.223187738218009, 32.088520625627638 ], [ -1.219287737717246, 32.090920624891758 ], [ -1.219187738848996, 32.091120625589816 ], [ -1.216887737870556, 32.094420625655644 ], [ -1.216787739002448, 32.095920625381083 ], [ -1.216487738626003, 32.096920625340822 ], [ -1.216287738425572, 32.097820625065708 ], [ -1.214787738071259, 32.102020625199991 ], [ -1.214387738513177, 32.10312062541864 ], [ -1.213387737812214, 32.105120625480687 ], [ -1.212987738331128, 32.105920625308997 ], [ -1.211387738348279, 32.106820624886815 ], [ -1.210387739656122, 32.107520624891535 ], [ -1.20998773964065, 32.107820625387276 ], [ -1.208887738078187, 32.108720625102585 ], [ -1.208287737708322, 32.109220625081605 ], [ -1.207887737999463, 32.109620625046716 ], [ -1.207187739452315, 32.110220625268468 ], [ -1.206987739404378, 32.110520625219756 ], [ -1.20648773851816, 32.11102062542799 ], [ -1.205987738938276, 32.111620625105573 ], [ -1.205587739535562, 32.11212062554209 ], [ -1.204987738778109, 32.112820625463748 ], [ -1.204287739536805, 32.11352062516 ], [ -1.20438773932668, 32.113620625856043 ], [ -1.205087739630817, 32.113920625852018 ], [ -1.206087737998482, 32.11442062546822 ], [ -1.206487737851826, 32.114720625784706 ], [ -1.206587738947818, 32.11492062495121 ], [ -1.206687737655996, 32.115320625057578 ], [ -1.206887737847809, 32.115720625391418 ], [ -1.207187739217155, 32.116020625482633 ], [ -1.20758773937619, 32.116420625271495 ], [ -1.207987739535205, 32.116820625061003 ], [ -1.208687737675037, 32.117720624885749 ], [ -1.20948773821555, 32.118920625354349 ], [ -1.210287738837962, 32.119820625413666 ], [ -1.210587739512305, 32.120220624981592 ], [ -1.210887738963944, 32.120220625662789 ], [ -1.211487739172943, 32.120320625497136 ], [ -1.211987737898221, 32.120420625104501 ], [ -1.212387738139646, 32.120520625484744 ], [ -1.212787737686699, 32.120720625337057 ], [ -1.213587738475418, 32.121020625570182 ], [ -1.216087739326781, 32.121920625499619 ], [ -1.217387738842591, 32.12232062534332 ], [ -1.217987739358618, 32.12252062565193 ], [ -1.218587738874801, 32.12272062496077 ], [ -1.221387739183371, 32.123620625580621 ], [ -1.223187737734311, 32.124220625511683 ], [ -1.226487738775426, 32.125220625750018 ], [ -1.227587739021641, 32.125520625672799 ], [ -1.22848773829897, 32.125820625141451 ], [ -1.228987738722448, 32.125820625278216 ], [ -1.229287738176565, 32.125820624960269 ], [ -1.230787738753005, 32.125920624844994 ], [ -1.231287737871918, 32.125820625507451 ], [ -1.235287738878364, 32.126020625551334 ], [ -1.23838773891574, 32.126020625600503 ], [ -1.241787739447737, 32.124720625163278 ], [ -1.243887738894138, 32.123820625669893 ], [ -1.245387738344877, 32.123220625235902 ], [ -1.245687738885634, 32.122920625496214 ], [ -1.246887739437921, 32.121520625593092 ], [ -1.249087737791045, 32.119120625239567 ], [ -1.250387738827075, 32.11772062557862 ], [ -1.251787739430922, 32.116020625735054 ], [ -1.251087737994592, 32.113720625305547 ], [ -1.250887738492915, 32.113220625497405 ], [ -1.250587738668574, 32.112120625640543 ], [ -1.250387739166197, 32.111620624835339 ], [ -1.250187738826153, 32.110520625211727 ], [ -1.250187738907298, 32.110220625802498 ], [ -1.250287738329807, 32.10922062533426 ], [ -1.25028773779781, 32.108720624987903 ], [ -1.250287738491385, 32.108620625518746 ], [ -1.250387738670756, 32.108520625276476 ], [ -1.250587739335963, 32.10842062526109 ], [ -1.250987739053486, 32.108020625292347 ], [ -1.251187739412188, 32.107820625808138 ], [ -1.251387738770968, 32.107620625324031 ], [ -1.251287738059014, 32.107220625222155 ], [ -1.251087738167631, 32.106920625362584 ], [ -1.250787738790305, 32.106620625276577 ], [ -1.250487738413009, 32.106320625190925 ], [ -1.249787739559042, 32.105520624857839 ], [ -1.249387739388988, 32.10512062507884 ], [ -1.249187739497198, 32.104820625221755 ], [ -1.248887737812805, 32.104420625670585 ], [ -1.248687739307251, 32.103920624879336 ], [ -1.248587738900927, 32.103620625250308 ], [ -1.24838773939499, 32.103120625460434 ], [ -1.248187739274988, 32.102420625737466 ], [ -1.248087739333282, 32.101620625776199 ], [ -1.248087739341198, 32.100320625712058 ], [ -1.248187738676771, 32.099620625675627 ], [ -1.248187739140711, 32.099120625346004 ], [ -1.248287739011985, 32.098920625640879 ], [ -1.24838773888325, 32.098720624935879 ], [ -1.248387739575915, 32.09862062547019 ], [ -1.248187739453208, 32.097920625758199 ], [ -1.247887739307235, 32.096720625496026 ], [ -1.247587738853545, 32.094120625737787 ], [ -1.247287738701982, 32.091620625466241 ], [ -1.246887739135059, 32.088820625603191 ], [ -1.246787738492295, 32.088120625141727 ], [ -1.246387738533892, 32.085520625235169 ], [ -1.246287739272238, 32.084620625859927 ], [ -1.245987738655491, 32.083920624956725 ], [ -1.245187738214654, 32.08212062586351 ], [ -1.242887739118279, 32.08182062528757 ], [ -1.240587738715458, 32.081420625252989 ] ] ] ] } },
{ "type": "Feature", "properties": { "Nom_Commun": "Ain Chouater", "Province": "Figuig", "Population 2024": 705, "Taux d'analphabétisme  (%)": 24.5, "Taux de scolarisation (%)": 98.7, "Taux d'activité (%)": 35.4, "Taux de chômage (%)": 42.9, "Eau courante (%)": 99.4, "Électricité (%)": 98.9, "Indice de pauvreté multidimensionnelle (en %)": 1.59, "Taux de pauvreté (en %)": 4.6, "Taux de vulnérabilité (en %)": 1.0, "Accès_à_Assainissement": 99.4 }, "geometry": { "type": "MultiPolygon", "coordinates": [ [ [ [ -3.112087738460698, 31.823520623757641 ], [ -3.102887738066004, 31.832420624073954 ], [ -3.094187738576276, 31.838520623376425 ], [ -3.078387738415699, 31.855620623659384 ], [ -3.050587737395342, 31.879020624147682 ], [ -3.038387737803141, 31.889520624297191 ], [ -3.02078773824041, 31.902520623995393 ], [ -3.016187737714321, 31.907520623599456 ], [ -3.008187738636747, 31.915020624140755 ], [ -2.998387738101491, 31.921820623487609 ], [ -2.996287738844932, 31.924920624163331 ], [ -2.989287737810869, 31.927420623931944 ], [ -2.984887738775726, 31.930620623894235 ], [ -2.972487738119691, 31.93762062352657 ], [ -2.960787737883668, 31.947320623616228 ], [ -2.953687738216635, 31.954920623456609 ], [ -2.943487737561895, 31.965620624195189 ], [ -2.913087737746137, 31.987720624117109 ], [ -2.903087737246364, 31.995520624112341 ], [ -2.89128773709158, 31.98852062408444 ], [ -2.875587737487062, 31.979420624264495 ], [ -2.832387737841844, 31.951820623581604 ], [ -2.844387738907658, 31.926420623509582 ], [ -2.850287738177074, 31.912120624170083 ], [ -2.856187738983448, 31.89772062401217 ], [ -2.855187738633478, 31.884220623986952 ], [ -2.854087738248743, 31.870620623917961 ], [ -2.849487738069841, 31.858920623970544 ], [ -2.844987738343983, 31.847220623746274 ], [ -2.843187737933966, 31.839020624161698 ], [ -2.841387737789357, 31.83092062424349 ], [ -2.841887738865004, 31.810220624191285 ], [ -2.848087737965199, 31.793920624550388 ], [ -2.852587737370605, 31.789320624384839 ], [ -2.864687739038002, 31.779320623796149 ], [ -2.872287738313035, 31.773920624387241 ], [ -2.892387738348134, 31.761520624096143 ], [ -2.914987738861529, 31.751020624375311 ], [ -2.940787737283768, 31.742520623993585 ], [ -2.963687738882224, 31.739920624049027 ], [ -2.975887738045155, 31.738620623731567 ], [ -2.988087737278715, 31.737320624413918 ], [ -3.001687737639972, 31.734520624145162 ], [ -3.025787737874681, 31.729220623995918 ], [ -3.036087738238949, 31.72662062427375 ], [ -3.048787738126691, 31.722420624445309 ], [ -3.061387737177571, 31.718120624025822 ], [ -3.073487739073425, 31.714320624526067 ], [ -3.085487737456074, 31.71052062382827 ], [ -3.113287738577747, 31.704820624377586 ], [ -3.125687739102378, 31.702720624332457 ], [ -3.126387737808412, 31.702620624475962 ], [ -3.127487738490865, 31.702420624103269 ], [ -3.145987738015436, 31.699320624517707 ], [ -3.170287738535959, 31.699020623769933 ], [ -3.188587737495406, 31.700820624176259 ], [ -3.197287738666993, 31.698620623580585 ], [ -3.225387738685898, 31.691620623642233 ], [ -3.245887739083656, 31.686220624369401 ], [ -3.265187738063956, 31.706920624319725 ], [ -3.283487737377445, 31.726520624278347 ], [ -3.279787739021142, 31.728120623644347 ], [ -3.259487737077514, 31.73742062391786 ], [ -3.227487737945384, 31.750920623845442 ], [ -3.220387737085153, 31.754720623900923 ], [ -3.211487738282401, 31.760820623605742 ], [ -3.185787738912085, 31.773320623970715 ], [ -3.18578773888628, 31.773620624236255 ], [ -3.173787738562306, 31.779520623457536 ], [ -3.154387738148457, 31.789320623852142 ], [ -3.141387738956341, 31.797320624026248 ], [ -3.122987737664175, 31.814320624158217 ], [ -3.112087738460698, 31.823520623757641 ] ] ] ] } },
{ "type": "Feature", "properties": { "Nom_Commun": "Bni Guil", "Province": "Figuig", "Population 2024": 8249, "Taux d'analphabétisme  (%)": 48.6, "Taux de scolarisation (%)": 91.4, "Taux d'activité (%)": 38.3, "Taux de chômage (%)": 26.2, "Eau courante (%)": 14.0, "Électricité (%)": 76.7, "Indice de pauvreté multidimensionnelle (en %)": 13.74, "Taux de pauvreté (en %)": 33.0, "Taux de vulnérabilité (en %)": 23.1, "Accès_à_Assainissement": 21.3 }, "geometry": { "type": "MultiPolygon", "coordinates": [ [ [ [ -2.403518427229907, 32.261803221590327 ], [ -2.398077900313829, 32.262676965789595 ], [ -2.223279882171433, 32.347983753955141 ], [ -2.239007261252292, 32.436154684744515 ], [ -2.35433772712894, 32.439071652204639 ], [ -2.423865135456837, 32.42874179784652 ], [ -2.428313590854281, 32.427997035191673 ], [ -2.42798773713089, 32.431020623421837 ], [ -2.438087737872207, 32.445420623404544 ], [ -2.448587737876772, 32.457320623448766 ], [ -2.473687738269742, 32.482020624002331 ], [ -2.474187737030604, 32.499620622991209 ], [ -2.477287737558048, 32.502520623266633 ], [ -2.480587737801114, 32.509420623931597 ], [ -2.487987738125595, 32.532920623191004 ], [ -2.488287737449633, 32.554120623677832 ], [ -2.490387738065176, 32.574520623798364 ], [ -2.493287737590333, 32.600320622958677 ], [ -2.497087737820919, 32.60522062370184 ], [ -2.509087737086036, 32.610720623029103 ], [ -2.524887738327243, 32.612820623690681 ], [ -2.540887738281182, 32.611220623561472 ], [ -2.563987738179993, 32.607320623372011 ], [ -2.578887737557682, 32.619820623222843 ], [ -2.597387738325321, 32.632220623040581 ], [ -2.63078773784216, 32.655320622787123 ], [ -2.645387737144521, 32.663720623538893 ], [ -2.661987737999795, 32.677520622987721 ], [ -2.688487737615749, 32.704720622528114 ], [ -2.700387737016691, 32.712720622413428 ], [ -2.708887737955, 32.719220623074392 ], [ -2.712687738180683, 32.719320622420028 ], [ -2.719587738185838, 32.722120623260416 ], [ -2.727287736787432, 32.727020622492731 ], [ -2.72718773778778, 32.731320622662544 ], [ -2.724687738241148, 32.735920623004624 ], [ -2.715687736453955, 32.746120623082817 ], [ -2.702587736863692, 32.750920623160596 ], [ -2.610887737370409, 32.784820623134699 ], [ -2.599087736610977, 32.793020623296343 ], [ -2.566287737077708, 32.796520622778182 ], [ -2.533887737233333, 32.800020623284389 ], [ -2.514287737747829, 32.787520623054888 ], [ -2.499187738232458, 32.777320622982288 ], [ -2.488287736900532, 32.771420622710565 ], [ -2.472587736549868, 32.763020623067128 ], [ -2.450987737138554, 32.754920623004459 ], [ -2.436787737993062, 32.7518206234204 ], [ -2.416887738000403, 32.749020622662918 ], [ -2.390787737930058, 32.751120622883505 ], [ -2.378487737012166, 32.755220623577884 ], [ -2.337787737576685, 32.753720623689951 ], [ -2.304087736535203, 32.74992062295307 ], [ -2.248787738405692, 32.740020622999289 ], [ -2.20478773816829, 32.732120623573863 ], [ -2.149687737728236, 32.719920623302485 ], [ -2.107487737014222, 32.710520623105566 ], [ -2.086087736598747, 32.703920623180721 ], [ -2.062387738139583, 32.699220624024662 ], [ -2.029187737088863, 32.6975206231862 ], [ -2.007187737337192, 32.694920623151042 ], [ -1.993587737052027, 32.69262062323763 ], [ -1.973587737317193, 32.692920623410892 ], [ -1.944787738027387, 32.699420623617819 ], [ -1.920987737327961, 32.705720623970258 ], [ -1.901587737723537, 32.712520623858417 ], [ -1.87158773774978, 32.723220623595836 ], [ -1.863587737059656, 32.723320623286575 ], [ -1.84428773834972, 32.715720624005087 ], [ -1.824187738614492, 32.7053206236479 ], [ -1.814387738611639, 32.702520623859122 ], [ -1.800387737168443, 32.696120623864019 ], [ -1.774387738093902, 32.689820623925861 ], [ -1.724687738413771, 32.673320624114055 ], [ -1.705087736972584, 32.673120624185742 ], [ -1.689887738643386, 32.677920624039771 ], [ -1.656287738342545, 32.696220624242962 ], [ -1.624687738649416, 32.693720623733313 ], [ -1.600887738250315, 32.694720624490323 ], [ -1.574787737993374, 32.697420624124028 ], [ -1.560287738027506, 32.701820624130008 ], [ -1.54688773817875, 32.708020624198866 ], [ -1.520787738124376, 32.711720623684592 ], [ -1.499687736896308, 32.716920623871339 ], [ -1.485187737606677, 32.719420623978095 ], [ -1.447387738317483, 32.738020623942766 ], [ -1.440687738433446, 32.741220624373788 ], [ -1.428887738805263, 32.746920624438431 ], [ -1.414087737453197, 32.743820624115003 ], [ -1.38398773865276, 32.742020623762194 ], [ -1.345687738719991, 32.725320623989091 ], [ -1.328387738563279, 32.718220624723138 ], [ -1.292987738394477, 32.704320624039269 ], [ -1.273687737035928, 32.696520623939129 ], [ -1.270887737399004, 32.694920624305908 ], [ -1.263787738288097, 32.69032062402043 ], [ -1.253187738109365, 32.683320624231257 ], [ -1.236587737938955, 32.672420624099495 ], [ -1.217587738373875, 32.660420624397396 ], [ -1.188887738470578, 32.641220624809549 ], [ -1.156087738166123, 32.619820624798884 ], [ -1.149087739089161, 32.615420624609136 ], [ -1.109187738226927, 32.589220624690796 ], [ -1.061887738616632, 32.559420624812461 ], [ -1.035987738406919, 32.541820624519019 ], [ -1.003987738777941, 32.521420625132031 ], [ -1.00148773786483, 32.513320624538551 ], [ -1.001887737752715, 32.504920625334059 ], [ -1.014387738652244, 32.498320624970283 ], [ -1.017087739112473, 32.497120625299871 ], [ -1.027587738274486, 32.488220624676323 ], [ -1.048587737707954, 32.46902062487176 ], [ -1.062087738589152, 32.461020625305039 ], [ -1.070187738073682, 32.457420624617889 ], [ -1.071487739252764, 32.45742062471092 ], [ -1.075887737894805, 32.457320624598182 ], [ -1.107187739328009, 32.465020625088982 ], [ -1.13038773858123, 32.472420624883597 ], [ -1.149387737603996, 32.475720624715876 ], [ -1.170887738339918, 32.476320624631747 ], [ -1.185487737596671, 32.47782062441329 ], [ -1.2044877392286, 32.472820625224593 ], [ -1.2338877386741, 32.460020624934877 ], [ -1.245687738660384, 32.452420624465745 ], [ -1.25378773897666, 32.449220625039516 ], [ -1.294887737360116, 32.421220625147335 ], [ -1.301687738427596, 32.411220624749902 ], [ -1.301687739212779, 32.404020624520214 ], [ -1.311087739210137, 32.395220624627015 ], [ -1.325087738144147, 32.388020624890999 ], [ -1.323487738684609, 32.376120624910754 ], [ -1.325187738710648, 32.375320624426173 ], [ -1.348287738017333, 32.365620624528887 ], [ -1.358487737748568, 32.367320625127938 ], [ -1.371887737517707, 32.367720625009078 ], [ -1.390387738824191, 32.368620624759473 ], [ -1.410787739135155, 32.372520624943434 ], [ -1.421387739118909, 32.37422062461431 ], [ -1.446087737832459, 32.376320624950154 ], [ -1.486787739048481, 32.378420624268117 ], [ -1.500687737894416, 32.415820624552275 ], [ -1.523587738463939, 32.419720624888072 ], [ -1.527287738823556, 32.424020624873215 ], [ -1.537087738685909, 32.426220624168124 ], [ -1.548987737381785, 32.424220624844608 ], [ -1.562887738308243, 32.415820624835952 ], [ -1.579187738824124, 32.400820624381076 ], [ -1.594387738099381, 32.367120624976074 ], [ -1.614887739162611, 32.333420624608273 ], [ -1.642087737346791, 32.298020625094054 ], [ -1.678087738485786, 32.274020625116947 ], [ -1.705787738405625, 32.255720624600876 ], [ -1.713187737474499, 32.24632062476929 ], [ -1.716187738868122, 32.238520624398916 ], [ -1.716587738752905, 32.223820624921892 ], [ -1.717587738806517, 32.21702062468583 ], [ -1.734387738172167, 32.217720624391134 ], [ -1.748587738322135, 32.218720624640461 ], [ -1.760387739045717, 32.221320624718302 ], [ -1.777887739017796, 32.223620624539372 ], [ -1.788687738769111, 32.22792062435957 ], [ -1.796287738976947, 32.231120624991377 ], [ -1.8053877388939, 32.232620624159956 ], [ -1.84518773838447, 32.234520624133431 ], [ -1.867487738879386, 32.233120624752921 ], [ -1.89158773825819, 32.230820624787967 ], [ -1.910687738936707, 32.226420623978299 ], [ -1.927487738829528, 32.221320624109865 ], [ -1.949087738326014, 32.211320624578242 ], [ -1.958887737371088, 32.202220624509089 ], [ -1.972787737788964, 32.181320624796626 ], [ -1.982187738114224, 32.173720624300408 ], [ -1.998587738241855, 32.164220624415009 ], [ -2.012287737451674, 32.160120624117724 ], [ -2.024987738777363, 32.152420624137839 ], [ -2.025187738224849, 32.152220624580004 ], [ -2.04398773852998, 32.139520624474478 ], [ -2.083787738120177, 32.118520624527456 ], [ -2.108787738594292, 32.105920624210071 ], [ -2.111487739235498, 32.094820624411014 ], [ -2.128087738764007, 32.054120624185266 ], [ -2.157787738023967, 32.052920624267252 ], [ -2.178187737958349, 32.054520624600293 ], [ -2.192887738623813, 32.054420624728849 ], [ -2.248087737552568, 32.054820623951521 ], [ -2.253787737448028, 32.049420624857362 ], [ -2.272987738327783, 32.025420624633675 ], [ -2.278887739104282, 32.013820624106927 ], [ -2.298187737534057, 32.029420624186237 ], [ -2.319987737869496, 32.05272062439311 ], [ -2.340287738372781, 32.076520623828877 ], [ -2.363587737632143, 32.090020624703811 ], [ -2.384787737371003, 32.114420623930968 ], [ -2.395287738686736, 32.125320624026429 ], [ -2.396587737190348, 32.126820623750561 ], [ -2.395387737803708, 32.138920624438661 ], [ -2.396787737564378, 32.146720624228102 ], [ -2.398887738304527, 32.161020623976633 ], [ -2.400487737580157, 32.18872062371188 ], [ -2.408287738281361, 32.21182062361202 ], [ -2.417987737682525, 32.228320623588274 ], [ -2.419487738330773, 32.230920624418076 ], [ -2.418387737861755, 32.232120624434103 ], [ -2.412387738458637, 32.240420624114783 ], [ -2.40568773881675, 32.254820624321503 ], [ -2.403518427229907, 32.261803221590327 ] ], [ [ -1.964187736890427, 32.540920623805796 ], [ -1.965487737882018, 32.541020623622643 ], [ -1.966587738573816, 32.541020624310313 ], [ -1.968887737008043, 32.541220624211661 ], [ -1.969587738631161, 32.541220623922214 ], [ -1.972187737621712, 32.541420623557428 ], [ -1.97268773828841, 32.540320623730182 ], [ -1.97388773812316, 32.537920624295708 ], [ -1.974387737319069, 32.537020623759538 ], [ -1.974687737954926, 32.534420623874681 ], [ -1.974987737585045, 32.531820624012397 ], [ -1.974987737187071, 32.530920624273435 ], [ -1.973987737276416, 32.528020624360856 ], [ -1.973587736871112, 32.527520624203234 ], [ -1.973187736864584, 32.526420624230539 ], [ -1.972087737959433, 32.523720624391977 ], [ -1.970687738355921, 32.520220623778634 ], [ -1.970387738662953, 32.519420623979201 ], [ -1.96848773722116, 32.51882062355098 ], [ -1.967087736903871, 32.518420623608556 ], [ -1.964787738126664, 32.517720623577077 ], [ -1.963487738328758, 32.517320623880941 ], [ -1.962687738653913, 32.517120623667985 ], [ -1.961187737232, 32.517620624177312 ], [ -1.960587736931133, 32.517920623613811 ], [ -1.959587738561351, 32.518220624076314 ], [ -1.958587738332817, 32.519320623601793 ], [ -1.956287737857942, 32.521720624199432 ], [ -1.954887737361825, 32.523120623663388 ], [ -1.954387738380249, 32.52372062425043 ], [ -1.953887738665743, 32.524420623473127 ], [ -1.952987737752784, 32.525820624166464 ], [ -1.952087738304779, 32.527020623594993 ], [ -1.951387736956918, 32.528620624058647 ], [ -1.951487737874571, 32.529520624027242 ], [ -1.951987737390564, 32.532120623800722 ], [ -1.952187736888009, 32.533420623574507 ], [ -1.952587737813663, 32.535620623586112 ], [ -1.953287738093034, 32.536620623680307 ], [ -1.954087738420578, 32.537820624300821 ], [ -1.95488773761976, 32.538220623811249 ], [ -1.958387738500399, 32.540020623873808 ], [ -1.960387736905964, 32.540420624320006 ], [ -1.961387737609363, 32.540620624043633 ], [ -1.9623877373132, 32.540820623767516 ], [ -1.964187736890427, 32.540920623805796 ] ] ] ] } },
{ "type": "Feature", "properties": { "Nom_Commun": "Talsint", "Province": "Figuig", "Population 2024": 18806, "Taux d'analphabétisme  (%)": 43.4, "Taux de scolarisation (%)": 93.9, "Taux d'activité (%)": 35.6, "Taux de chômage (%)": 30.2, "Eau courante (%)": 69.7, "Électricité (%)": 87.1, "Indice de pauvreté multidimensionnelle (en %)": 9.35, "Taux de pauvreté (en %)": 21.6, "Taux de vulnérabilité (en %)": 13.0, "Accès_à_Assainissement": 64.7 }, "geometry": { "type": "MultiPolygon", "coordinates": [ [ [ [ -3.30308773619759, 32.861120622549947 ], [ -3.288787736552044, 32.850420622507961 ], [ -3.276987736353048, 32.833720622273979 ], [ -3.257087736948515, 32.802520622641872 ], [ -3.254987736611483, 32.796520621863095 ], [ -3.2491877377703, 32.776620622068435 ], [ -3.229387737657712, 32.750020622182923 ], [ -3.215287736338791, 32.735120622063668 ], [ -3.207387737376829, 32.719720621936247 ], [ -3.199687737281685, 32.706320621985853 ], [ -3.195687736133973, 32.691620622574384 ], [ -3.193187737394426, 32.664820622823754 ], [ -3.190087737343521, 32.661520622094663 ], [ -3.175487736685303, 32.647620622044379 ], [ -3.163187737464557, 32.638620622563181 ], [ -3.136387736267365, 32.625320622434458 ], [ -3.110387737785374, 32.61162062236906 ], [ -3.096987737608073, 32.603120623115935 ], [ -3.068287737487595, 32.58652062262685 ], [ -3.041387738151859, 32.572420623100911 ], [ -3.030787737532339, 32.567620622717833 ], [ -3.022987737713208, 32.564320622683908 ], [ -3.031387737807504, 32.562920623015785 ], [ -3.049187736763035, 32.562820622649433 ], [ -3.070287737421097, 32.562620622826628 ], [ -3.095387737331897, 32.561720623179298 ], [ -3.113587736757756, 32.557220622663223 ], [ -3.128087736919544, 32.550320622554231 ], [ -3.143287738019703, 32.544520622784802 ], [ -3.163787737632614, 32.5410206229121 ], [ -3.184487737056171, 32.542320622259759 ], [ -3.198687737690336, 32.540720622667031 ], [ -3.219387737404944, 32.536220622466487 ], [ -3.283087736666289, 32.519520622248486 ], [ -3.327487736350116, 32.510520622524062 ], [ -3.348887736336506, 32.50792062304599 ], [ -3.37008773703565, 32.506720622540641 ], [ -3.377587737951137, 32.502920622460834 ], [ -3.38348773774659, 32.496920622616074 ], [ -3.39478773711414, 32.486720623053337 ], [ -3.404387737423243, 32.481420622312598 ], [ -3.409987737533445, 32.481520622838723 ], [ -3.416487737414063, 32.481420622254632 ], [ -3.433587737971433, 32.484120622682546 ], [ -3.455087737142045, 32.485520622336722 ], [ -3.469987736824675, 32.48472062287285 ], [ -3.479187737977489, 32.483920622287286 ], [ -3.489987737348043, 32.486820622575124 ], [ -3.498287736541161, 32.482320622850217 ], [ -3.50338773615692, 32.482120622141558 ], [ -3.51198773769577, 32.479720622309848 ], [ -3.522687736650976, 32.478820622767039 ], [ -3.534987737755206, 32.473220622625178 ], [ -3.544487736220968, 32.465320622238465 ], [ -3.553287737122565, 32.461420622953284 ], [ -3.565987737739122, 32.454320622028447 ], [ -3.580387736383627, 32.45282062262131 ], [ -3.598387737652319, 32.455120622418747 ], [ -3.612787736440219, 32.461520622787155 ], [ -3.622887737861129, 32.466120622624402 ], [ -3.63118773735239, 32.472920621926065 ], [ -3.63628773797759, 32.477920622315672 ], [ -3.642387737798456, 32.486820622747729 ], [ -3.65048773692185, 32.49702062233542 ], [ -3.662787737615958, 32.502420621878443 ], [ -3.675887737169002, 32.503220621983282 ], [ -3.679987736920534, 32.502520622394286 ], [ -3.683987737080274, 32.501820622556465 ], [ -3.691487737029846, 32.496820621986529 ], [ -3.699187737018876, 32.492520622755016 ], [ -3.706587737852685, 32.491520622334605 ], [ -3.713687737656986, 32.486220621842421 ], [ -3.718287736525262, 32.481720622648972 ], [ -3.723387736057355, 32.480520622162537 ], [ -3.731487737633665, 32.47512062262053 ], [ -3.744887737683629, 32.471820622518997 ], [ -3.753087737490932, 32.472720621973465 ], [ -3.75898773793243, 32.46962062261354 ], [ -3.764787736602696, 32.461520622255222 ], [ -3.769087736324883, 32.452720622671514 ], [ -3.776787736287032, 32.447220621831768 ], [ -3.787987736358298, 32.44622062184682 ], [ -3.798087737658396, 32.447420621891361 ], [ -3.804887736454117, 32.449920622514213 ], [ -3.81328773607662, 32.453220622521627 ], [ -3.821987737203321, 32.454120622145027 ], [ -3.830687737780477, 32.454420621731785 ], [ -3.8351877378893, 32.45472062191061 ], [ -3.841087737680041, 32.450920621917291 ], [ -3.849187737287975, 32.44842062215411 ], [ -3.868787737167504, 32.446020622558024 ], [ -3.885687737533597, 32.445420622386315 ], [ -3.889487736147664, 32.452020622315956 ], [ -3.901487736706724, 32.463920621761652 ], [ -3.916187736237764, 32.478320621636492 ], [ -3.937687737718068, 32.497120621775927 ], [ -3.939887737533315, 32.508820621544118 ], [ -3.938587735997263, 32.513620621769761 ], [ -3.937787736466956, 32.521120622230157 ], [ -3.935187737364499, 32.528420621958595 ], [ -3.910687736585206, 32.538120621827751 ], [ -3.887687737540052, 32.549920621522169 ], [ -3.876687737656769, 32.56172062172211 ], [ -3.868987737163298, 32.570120622295477 ], [ -3.858687736689408, 32.574120621966486 ], [ -3.852287737395033, 32.576720622462354 ], [ -3.847687735901841, 32.582820621645872 ], [ -3.844087737125722, 32.597120621675778 ], [ -3.84268773691241, 32.599220622337093 ], [ -3.836687736122369, 32.609820622099733 ], [ -3.83128773764692, 32.614720622112088 ], [ -3.820887737125622, 32.617320621725256 ], [ -3.812087737088474, 32.61782062207498 ], [ -3.769387737552997, 32.618420622278713 ], [ -3.732687737224869, 32.618720621532113 ], [ -3.725487736183774, 32.621220622487243 ], [ -3.704487736548591, 32.624220622142523 ], [ -3.671787737055939, 32.628420621904233 ], [ -3.648387737373165, 32.629720622102532 ], [ -3.640587737538916, 32.629620621621044 ], [ -3.625287737745006, 32.625020622465804 ], [ -3.605587737812352, 32.617620622073439 ], [ -3.582787736621543, 32.613020622303495 ], [ -3.560187736554042, 32.606720622002101 ], [ -3.558587736613954, 32.609320622622619 ], [ -3.557987736587492, 32.61112062203761 ], [ -3.555187737232207, 32.611220622690603 ], [ -3.552987737219785, 32.613220622514667 ], [ -3.552887736896675, 32.61452062261359 ], [ -3.555687737527516, 32.616520622081936 ], [ -3.556087737211526, 32.622620622096626 ], [ -3.556887737728365, 32.626520622320164 ], [ -3.560187736808558, 32.633120622516614 ], [ -3.562287736997776, 32.63782062200211 ], [ -3.562187737572124, 32.646320621737651 ], [ -3.562487736899353, 32.657420621821174 ], [ -3.562987737249931, 32.662020621916348 ], [ -3.565687736423085, 32.665320622090547 ], [ -3.56828773729473, 32.667120621979372 ], [ -3.57478773749516, 32.671020622326481 ], [ -3.57828773783497, 32.67612062200196 ], [ -3.579487737565864, 32.679620622030875 ], [ -3.581887737564743, 32.685220621794052 ], [ -3.582087737553115, 32.689220622119407 ], [ -3.578887737200921, 32.695620621768825 ], [ -3.57798773686575, 32.699720622172926 ], [ -3.577687737398903, 32.702720621907417 ], [ -3.564887735942769, 32.710320622310597 ], [ -3.54908773720835, 32.718520621701643 ], [ -3.520087735872294, 32.731420622036289 ], [ -3.49888773680046, 32.741820621691673 ], [ -3.481587735948013, 32.746020622284959 ], [ -3.454987737006796, 32.76042062198848 ], [ -3.430487737610823, 32.770220622178606 ], [ -3.407587736455979, 32.782820622283673 ], [ -3.392587737655337, 32.791220622577882 ], [ -3.369987737658627, 32.804320621959192 ], [ -3.349687737235713, 32.817020622565821 ], [ -3.331387736322443, 32.830920622175192 ], [ -3.319087737742205, 32.842020621735223 ], [ -3.309987736019283, 32.854120621872951 ], [ -3.30308773619759, 32.861120622549947 ] ] ] ] } },
{ "type": "Feature", "properties": { "Nom_Commun": "Tendrara", "Province": "Figuig", "Population 2024": 13601, "Taux d'analphabétisme  (%)": 40.3, "Taux de scolarisation (%)": 93.9, "Taux d'activité (%)": 32.4, "Taux de chômage (%)": 37.5, "Eau courante (%)": 64.6, "Électricité (%)": 82.8, "Indice de pauvreté multidimensionnelle (en %)": 8.21, "Taux de pauvreté (en %)": 19.5, "Taux de vulnérabilité (en %)": 10.9, "Accès_à_Assainissement": 74.7 }, "geometry": { "type": "MultiPolygon", "coordinates": [ [ [ [ -1.440687738433446, 32.741220624373788 ], [ -1.447387738317483, 32.738020623942766 ], [ -1.485187737606677, 32.719420623978095 ], [ -1.499687736896308, 32.716920623871339 ], [ -1.520787738124376, 32.711720623684592 ], [ -1.54688773817875, 32.708020624198866 ], [ -1.560287738027506, 32.701820624130008 ], [ -1.574787737993374, 32.697420624124028 ], [ -1.600887738250315, 32.694720624490323 ], [ -1.624687738649416, 32.693720623733313 ], [ -1.656287738342545, 32.696220624242962 ], [ -1.689887738643386, 32.677920624039771 ], [ -1.705087736972584, 32.673120624185742 ], [ -1.724687738413771, 32.673320624114055 ], [ -1.774387738093902, 32.689820623925861 ], [ -1.800387737168443, 32.696120623864019 ], [ -1.814387738611639, 32.702520623859122 ], [ -1.824187738614492, 32.7053206236479 ], [ -1.84428773834972, 32.715720624005087 ], [ -1.863587737059656, 32.723320623286575 ], [ -1.87158773774978, 32.723220623595836 ], [ -1.901587737723537, 32.712520623858417 ], [ -1.920987737327961, 32.705720623970258 ], [ -1.944787738027387, 32.699420623617819 ], [ -1.973587737317193, 32.692920623410892 ], [ -1.993587737052027, 32.69262062323763 ], [ -2.007187737337192, 32.694920623151042 ], [ -2.029187737088863, 32.6975206231862 ], [ -2.062387738139583, 32.699220624024662 ], [ -2.086087736598747, 32.703920623180721 ], [ -2.107487737014222, 32.710520623105566 ], [ -2.149687737728236, 32.719920623302485 ], [ -2.20478773816829, 32.732120623573863 ], [ -2.248787738405692, 32.740020622999289 ], [ -2.304087736535203, 32.74992062295307 ], [ -2.337787737576685, 32.753720623689951 ], [ -2.378487737012166, 32.755220623577884 ], [ -2.390787737930058, 32.751120622883505 ], [ -2.416887738000403, 32.749020622662918 ], [ -2.436787737993062, 32.7518206234204 ], [ -2.450987737138554, 32.754920623004459 ], [ -2.472587736549868, 32.763020623067128 ], [ -2.488287736900532, 32.771420622710565 ], [ -2.474287738263578, 32.777220622928624 ], [ -2.470387737856082, 32.778320623140168 ], [ -2.463687737334606, 32.779420623233989 ], [ -2.457687736581031, 32.78092062306586 ], [ -2.452087738032412, 32.78202062295945 ], [ -2.448287737476694, 32.782820623212672 ], [ -2.443887736451559, 32.783520623200793 ], [ -2.438287737938907, 32.784620623096913 ], [ -2.43328773667159, 32.78572062352039 ], [ -2.427787736757012, 32.786420622711951 ], [ -2.422387738185016, 32.786620623456862 ], [ -2.416287737831292, 32.787220623382247 ], [ -2.410787737719636, 32.787820622833863 ], [ -2.405287737654778, 32.788020623325075 ], [ -2.400887736719755, 32.788720623314688 ], [ -2.394287737746075, 32.789320622968866 ], [ -2.389887737043144, 32.790520622660431 ], [ -2.38438773700099, 32.791120623112668 ], [ -2.379987738109517, 32.791820623103668 ], [ -2.375587737227232, 32.792520623094902 ], [ -2.371087736818677, 32.793220622832088 ], [ -2.366687737954891, 32.793920622823983 ], [ -2.362787736775438, 32.794620623088178 ], [ -2.357887736462381, 32.795820623513919 ], [ -2.353387737057067, 32.796920623217964 ], [ -2.348987738229839, 32.797620623211962 ], [ -2.344587736411701, 32.798320623206209 ], [ -2.339587737605626, 32.799520623382548 ], [ -2.334087737695314, 32.800120622836715 ], [ -2.329087737878192, 32.801720622983588 ], [ -2.32288773760206, 32.804120623021348 ], [ -2.317887738012179, 32.806220622895765 ], [ -2.313987737920614, 32.806920623168871 ], [ -2.309487738010676, 32.809020623327484 ], [ -2.305087736639828, 32.811120622750373 ], [ -2.300487738172377, 32.813620622654277 ], [ -2.296587737472815, 32.815720623372897 ], [ -2.293187737634897, 32.818320623109223 ], [ -2.289187736609194, 32.820920623333159 ], [ -2.286287737429567, 32.823520623379828 ], [ -2.281187737436544, 32.827320622821041 ], [ -2.278287737494532, 32.830020622662609 ], [ -2.274887737465311, 32.832120622742096 ], [ -2.270887736595249, 32.835620622822454 ], [ -2.267387737230757, 32.838220623438716 ], [ -2.264487738189816, 32.841720623388291 ], [ -2.261587738192489, 32.844820623354344 ], [ -2.259287737183123, 32.847420623104526 ], [ -2.256787736432829, 32.851420622954208 ], [ -2.253887737607079, 32.855020622796019 ], [ -2.250887737320362, 32.859920623290336 ], [ -2.248487737249455, 32.864420623351378 ], [ -2.246087737807393, 32.867920622852168 ], [ -2.243587737006631, 32.87192062294956 ], [ -2.240687737256144, 32.876420622892375 ], [ -2.238787737493344, 32.879520622739683 ], [ -2.235887737549693, 32.883520622949739 ], [ -2.233487738302455, 32.887120623419207 ], [ -2.231187738236796, 32.889720623492082 ], [ -2.228287737064647, 32.891920622961926 ], [ -2.224187736695037, 32.896320623313812 ], [ -2.221387736816228, 32.89842062330824 ], [ -2.217887736478029, 32.90062062328446 ], [ -2.213987736799869, 32.902720623469598 ], [ -2.210587736761887, 32.904820622952784 ], [ -2.206587737564359, 32.906920622901019 ], [ -2.20318773637012, 32.908520623531793 ], [ -2.198287737351328, 32.909720623203263 ], [ -2.194287737009609, 32.911320623296625 ], [ -2.189387736849083, 32.912020623095842 ], [ -2.184387737941952, 32.912620622862242 ], [ -2.17938773727895, 32.913320623404211 ], [ -2.173987738275713, 32.912620623061784 ], [ -2.169087737678993, 32.911820623238178 ], [ -2.163687736700685, 32.911120622906559 ], [ -2.157587737155482, 32.91132062274243 ], [ -2.15318773770437, 32.912020622827754 ], [ -2.148787737191838, 32.913120623010514 ], [ -2.143787737544356, 32.914220622649225 ], [ -2.13868773754555, 32.91582062290594 ], [ -2.134787736999369, 32.917920623136453 ], [ -2.130287737158648, 32.91952062295055 ], [ -2.126387736623058, 32.921620623198237 ], [ -2.122887737424008, 32.925120623370724 ], [ -2.119387738140833, 32.927720623570693 ], [ -2.116487738072375, 32.931220623350569 ], [ -2.11358773707573, 32.934320623043966 ], [ -2.11108773738939, 32.938820622741268 ], [ -2.109187737822027, 32.943320623051662 ], [ -2.107287737091909, 32.947320623502023 ], [ -2.106587737842587, 32.951420622893245 ], [ -2.105187737010431, 32.955120623378718 ], [ -2.104487737505906, 32.959120623086577 ], [ -2.104187736443945, 32.963720622624983 ], [ -2.103387736616135, 32.967820622980121 ], [ -2.103187737131639, 32.972020622740487 ], [ -2.103387736761352, 32.977120622751286 ], [ -2.104287737754173, 32.981220622706104 ], [ -2.103987736603257, 32.985820622591767 ], [ -2.104887737886871, 32.98962062327503 ], [ -2.105187736831688, 32.994220622854741 ], [ -2.105987737465792, 32.998420622600506 ], [ -2.107487736612656, 33.00212062321409 ], [ -2.109487736561397, 33.00502062274326 ], [ -2.110887736269618, 33.008320622964547 ], [ -2.111187737256413, 33.013420622889257 ], [ -2.110287736851677, 33.018920623009969 ], [ -2.108387737976432, 33.023420622508503 ], [ -2.105987737365943, 33.027420622702962 ], [ -2.104087737352039, 33.031420623253311 ], [ -2.101687737829273, 33.035920622620807 ], [ -2.098687736951431, 33.039420623317817 ], [ -2.096287736309016, 33.042520623352168 ], [ -2.093487737589267, 33.044720623006015 ], [ -2.091087737939888, 33.047820623087809 ], [ -2.087087736633929, 33.050320623088119 ], [ -2.083087737551614, 33.052920622924184 ], [ -2.079187737789881, 33.0545206228308 ], [ -2.074687736895749, 33.057020622560849 ], [ -2.071087738079465, 33.061520623115179 ], [ -2.068687737390447, 33.06552062275717 ], [ -2.06628773662404, 33.06812062289562 ], [ -2.063987737593263, 33.070820623141742 ], [ -2.061587736789327, 33.074320622760574 ], [ -2.058587737047191, 33.078820623121217 ], [ -2.056687736999977, 33.083320623435668 ], [ -2.055287736618426, 33.088320623287103 ], [ -2.053387737453022, 33.092320622573567 ], [ -2.051487737492678, 33.096420622744326 ], [ -2.050687738088278, 33.100920623209326 ], [ -2.050387736554153, 33.106020623084369 ], [ -2.048887737500243, 33.111920622596031 ], [ -2.049287737395861, 33.116020623098485 ], [ -2.049487737527602, 33.120720623186052 ], [ -2.051487737970504, 33.124020623293831 ], [ -2.052387737483287, 33.128620622521218 ], [ -2.053787737793714, 33.131920623140033 ], [ -2.055787737338206, 33.136220622866851 ], [ -2.057787737739027, 33.139520623168927 ], [ -2.059687737737945, 33.143820622754689 ], [ -2.061687738118754, 33.147120623153022 ], [ -2.064787737257602, 33.15092062277823 ], [ -2.066787737774664, 33.15382062285002 ], [ -2.069287737781969, 33.157620622984012 ], [ -2.072287737325255, 33.16282062250859 ], [ -2.07588773617319, 33.168120622592419 ], [ -2.07778773802303, 33.171920622342284 ], [ -2.079787736380468, 33.175720622413195 ], [ -2.081787736680045, 33.179020623220154 ], [ -2.08388773765502, 33.181920622876447 ], [ -2.085787737296955, 33.186120622291902 ], [ -2.087187737492535, 33.189920622969396 ], [ -2.086987737944002, 33.193520622693661 ], [ -2.086787737591648, 33.19722062233236 ], [ -2.085987737938447, 33.201320622901548 ], [ -2.085187737305275, 33.205920622891682 ], [ -2.084387737479665, 33.210920622451454 ], [ -2.083987737739834, 33.216420622548156 ], [ -2.083787736313324, 33.220120622474269 ], [ -2.084187737991035, 33.223820623054024 ], [ -2.083987737540175, 33.227520623074497 ], [ -2.084787737089159, 33.231620622349944 ], [ -2.085087737209369, 33.235320622811322 ], [ -2.085987737452959, 33.239520622353993 ], [ -2.086287736581551, 33.244220622780759 ], [ -2.087187737776324, 33.247920623018118 ], [ -2.088587737556217, 33.251620622648915 ], [ -2.090587736643784, 33.255420622834187 ], [ -2.091987736410166, 33.259620623027793 ], [ -2.093387736362697, 33.263920622179882 ], [ -2.09478773628633, 33.267220622452086 ], [ -2.096787737324, 33.271020622861165 ], [ -2.097187737829457, 33.274220622629052 ], [ -2.099687736443699, 33.278020622486473 ], [ -2.101087737127346, 33.282720622532771 ], [ -2.102387736271639, 33.287420622389924 ], [ -2.103887737440887, 33.291620622350784 ], [ -2.106387737795327, 33.295820622079987 ], [ -2.108887736548989, 33.299220622627089 ], [ -2.110387737893813, 33.30252062260729 ], [ -2.112387736830976, 33.30582062298182 ], [ -2.113787736637344, 33.309120622774024 ], [ -2.114687737606718, 33.313320622452238 ], [ -2.116187735912007, 33.316620622607225 ], [ -2.11758773745567, 33.320820622756102 ], [ -2.118487736616661, 33.324120622376128 ], [ -2.118787737428186, 33.327820622072601 ], [ -2.119587737565165, 33.33292062202608 ], [ -2.119887736322114, 33.337120622435272 ], [ -2.119587737496661, 33.342120622644885 ], [ -2.119387737646022, 33.345820622214887 ], [ -2.119187737558535, 33.34992062252774 ], [ -2.118987737682275, 33.353620622196686 ], [ -2.119287736133489, 33.35822062261547 ], [ -2.119487736008401, 33.363320622478945 ], [ -2.11918773729758, 33.36792062241738 ], [ -2.119487736689633, 33.372520622065736 ], [ -2.119287736461342, 33.377120622422865 ], [ -2.1194877362497, 33.382220622621389 ], [ -2.119887736387992, 33.385920622342674 ], [ -2.120087736135913, 33.391020622698285 ], [ -2.120287736618959, 33.396520621905331 ], [ -2.120587737594995, 33.40202062249184 ], [ -2.121387737635284, 33.406720622003348 ], [ -2.12228773729266, 33.410420622415316 ], [ -2.124787736390089, 33.414720621945904 ], [ -2.125087736899404, 33.418420621820339 ], [ -2.125387736145439, 33.422520622540212 ], [ -2.127487737499009, 33.425420621856865 ], [ -2.129487736072831, 33.428720622738432 ], [ -2.131387737725827, 33.43342062273139 ], [ -2.132787737013563, 33.437720622611195 ], [ -2.133087737187571, 33.441820622618017 ], [ -2.134587736038019, 33.445620622115968 ], [ -2.135487737567206, 33.449320622055431 ], [ -2.13748773699612, 33.453120622037581 ], [ -2.139987736937397, 33.457420622263804 ], [ -2.141887736554896, 33.461620621941996 ], [ -2.143787736989538, 33.466820622338901 ], [ -2.145287736843752, 33.470120622359744 ], [ -2.145487737017917, 33.475120622284756 ], [ -2.14638773636023, 33.479320622474063 ], [ -2.147287737686734, 33.483520621727216 ], [ -2.148687736877338, 33.487320622537588 ], [ -2.150087736874362, 33.491020622427783 ], [ -2.150987737156728, 33.495220621860192 ], [ -2.152387737308099, 33.499020621835292 ], [ -2.153787737065352, 33.503720621669331 ], [ -2.155287737530102, 33.507420622061908 ], [ -2.154987737316431, 33.511520622431739 ], [ -2.155387737306302, 33.514820621943656 ], [ -2.155087736957294, 33.519420622337798 ], [ -2.155487737635665, 33.523120621882356 ], [ -2.155787736491174, 33.527220622143801 ], [ -2.155487737495159, 33.530920621841815 ], [ -2.154587737252285, 33.536820621687994 ], [ -2.154487736266876, 33.5405206220642 ], [ -2.154187736811999, 33.545120621864868 ], [ -2.152787737607869, 33.549720621669117 ], [ -2.150987737374789, 33.553220622472246 ], [ -2.149087736662327, 33.557320622015858 ], [ -2.14778773631416, 33.560420622307213 ], [ -2.145887736707527, 33.564020621948274 ], [ -2.144587737214068, 33.567620622307189 ], [ -2.143787737180685, 33.571720622114974 ], [ -2.142387736877688, 33.576320622316352 ], [ -2.14168773577717, 33.579520622481432 ], [ -2.140887735701958, 33.583620622451711 ], [ -2.139587736700848, 33.588120622106231 ], [ -2.139287736742055, 33.593120621675943 ], [ -2.138987737389713, 33.59732062224623 ], [ -2.138787737515104, 33.600920622086335 ], [ -2.140287735809757, 33.604720621770397 ], [ -2.140587737533032, 33.608920622195747 ], [ -2.140387736620267, 33.612520622182174 ], [ -2.139587736746022, 33.616220621543313 ], [ -2.139387736656614, 33.620320621711656 ], [ -2.139587737476182, 33.624920622163856 ], [ -2.139387737523072, 33.629120621477234 ], [ -2.139087736706859, 33.633720621662071 ], [ -2.139487736000315, 33.637420621671062 ], [ -2.140287736197484, 33.641620621986121 ], [ -2.140587736612603, 33.645720621926557 ], [ -2.141487736297794, 33.649920621648917 ], [ -2.141787736848028, 33.654120621740589 ], [ -2.143187737270724, 33.657820621843868 ], [ -2.144687737028995, 33.662020621446686 ], [ -2.144987735532627, 33.666220621720832 ], [ -2.145287736855352, 33.670320622021052 ], [ -2.145587735669479, 33.674120622268056 ], [ -2.144887736943814, 33.67772062165627 ], [ -2.144087736505869, 33.681820622004423 ], [ -2.141787736850222, 33.688120622076283 ], [ -2.136387735675786, 33.686820622220566 ], [ -2.117787736516829, 33.680320621906866 ], [ -2.117287736596325, 33.680120621413508 ], [ -2.091887737412066, 33.671220622268855 ], [ -2.071487737239126, 33.6641206222587 ], [ -2.05238773674012, 33.656320622007485 ], [ -2.029687737329204, 33.649420622159688 ], [ -2.002987736885216, 33.640920621999093 ], [ -1.985487737087684, 33.637320622033151 ], [ -1.96208773754035, 33.632120622311852 ], [ -1.940087737417595, 33.628720621978502 ], [ -1.91118773725957, 33.626420622535349 ], [ -1.887887737085686, 33.628920622481893 ], [ -1.872287737570172, 33.632820622231357 ], [ -1.862187737468105, 33.635220622223031 ], [ -1.841587736286318, 33.642920622569314 ], [ -1.825287736269711, 33.649020621825883 ], [ -1.811787735676292, 33.65882062178126 ], [ -1.796887737224081, 33.669920622361637 ], [ -1.781287736622932, 33.678220622534184 ], [ -1.769387736682292, 33.683520622444775 ], [ -1.751287736205278, 33.690920622554181 ], [ -1.734887737362427, 33.697720622384828 ], [ -1.723087737328693, 33.701320622237645 ], [ -1.723387736007789, 33.691720622093499 ], [ -1.721787736463435, 33.678120621900106 ], [ -1.717987736786918, 33.6669206226669 ], [ -1.709087736018439, 33.654220622336069 ], [ -1.698287736317154, 33.64132062229794 ], [ -1.689287737088292, 33.631120622155869 ], [ -1.677187737162928, 33.620220622753727 ], [ -1.667387736330138, 33.607420622303458 ], [ -1.655587737003581, 33.593220622035446 ], [ -1.647487736970273, 33.577920623007294 ], [ -1.640187737206421, 33.565720622550039 ], [ -1.633487736980578, 33.552220622617519 ], [ -1.628587737871699, 33.535020622377083 ], [ -1.626587736044465, 33.520120622442839 ], [ -1.625087737704512, 33.509720622972893 ], [ -1.625387736288686, 33.499920622599369 ], [ -1.625887737544067, 33.487820623125138 ], [ -1.627887737390331, 33.47102062260317 ], [ -1.632987737816996, 33.452320622595877 ], [ -1.638987737831777, 33.431720622400498 ], [ -1.645787736723813, 33.406020622420314 ], [ -1.650387737654421, 33.3873206230516 ], [ -1.658287737479554, 33.369520623017209 ], [ -1.665287737010456, 33.350920623280487 ], [ -1.667687737578626, 33.329420623078533 ], [ -1.668687737151201, 33.305120622647067 ], [ -1.665387737967555, 33.281920623452322 ], [ -1.660987737210682, 33.263320622615957 ], [ -1.656487737966369, 33.246820623087586 ], [ -1.65098773818669, 33.231620623161731 ], [ -1.646687737542157, 33.223320622843772 ], [ -1.643787738234646, 33.217620622918588 ], [ -1.635287737649026, 33.193620623423989 ], [ -1.621687736471195, 33.173520623568649 ], [ -1.602587737009224, 33.146120623665773 ], [ -1.586287736512747, 33.125920623645193 ], [ -1.569187737518804, 33.10972062304576 ], [ -1.549087738207364, 33.089720623715415 ], [ -1.53218773793038, 33.070820623270251 ], [ -1.51848773844321, 33.052020623397119 ], [ -1.503887737631707, 33.024520623644072 ], [ -1.497087737943555, 33.00242062412751 ], [ -1.492987737814891, 32.980620623669246 ], [ -1.506487737834667, 32.958320623224019 ], [ -1.526787736917154, 32.941920623673809 ], [ -1.548187736632309, 32.924320623555957 ], [ -1.54818773745884, 32.923820623766481 ], [ -1.552787737912177, 32.912620623848284 ], [ -1.550087738492611, 32.894420623294472 ], [ -1.537587737215254, 32.867020623988893 ], [ -1.516687738622804, 32.835020623835049 ], [ -1.497887738412627, 32.812720624422532 ], [ -1.472187737475559, 32.778120623711089 ], [ -1.443787738202199, 32.744620623626659 ], [ -1.440687738433446, 32.741220624373788 ] ] ] ] } },
{ "type": "Feature", "properties": { "Nom_Commun": "Bni Tadjite", "Province": "Figuig", "Population 2024": 17087, "Taux d'analphabétisme  (%)": 34.8, "Taux de scolarisation (%)": 93.7, "Taux d'activité (%)": 32.7, "Taux de chômage (%)": 20.2, "Eau courante (%)": 75.4, "Électricité (%)": 92.1, "Indice de pauvreté multidimensionnelle (en %)": 6.55, "Taux de pauvreté (en %)": 16.6, "Taux de vulnérabilité (en %)": 12.7, "Accès_à_Assainissement": 75.5 }, "geometry": { "type": "MultiPolygon", "coordinates": [ [ [ [ -3.022987737713208, 32.564320622683908 ], [ -2.999987737585045, 32.551320622844848 ], [ -2.964987737633796, 32.52682062281869 ], [ -2.944987737618624, 32.508520623474482 ], [ -2.928487738145579, 32.496620623198943 ], [ -2.916487737785629, 32.472620622771956 ], [ -2.901087736772947, 32.44302062335931 ], [ -2.88958773763786, 32.421020623601642 ], [ -2.879387737893318, 32.402120623161508 ], [ -2.906187737231779, 32.399420623421548 ], [ -2.920487738135757, 32.395520622830958 ], [ -2.929887738100989, 32.390020623410635 ], [ -2.926787737914909, 32.385020622842028 ], [ -2.910087738493587, 32.383820622910292 ], [ -2.893587738130385, 32.381820623547831 ], [ -2.889387738465722, 32.37562062314025 ], [ -2.880987738237946, 32.368720623432097 ], [ -2.881087737281928, 32.366720623422033 ], [ -2.868487737211852, 32.360820622923846 ], [ -2.860587737976242, 32.356520623665546 ], [ -2.855087738047494, 32.35072062319113 ], [ -2.852487737695383, 32.347920622971799 ], [ -2.846987737860155, 32.344320622968745 ], [ -2.845487736943034, 32.341620623075571 ], [ -2.850487738398985, 32.333520623410685 ], [ -2.847587738473338, 32.326120623142096 ], [ -2.850187737849851, 32.317120623761909 ], [ -2.852387737561625, 32.312620623327675 ], [ -2.857187737784827, 32.306320623545979 ], [ -2.86028773741781, 32.300720622932033 ], [ -2.865687737733989, 32.300720623862823 ], [ -2.87538773701269, 32.302420623121257 ], [ -2.877187737726863, 32.3051206233825 ], [ -2.875887738325423, 32.307220623688004 ], [ -2.870787737695422, 32.309720623264674 ], [ -2.869387737816601, 32.312920622883965 ], [ -2.871887738274673, 32.315920623705857 ], [ -2.876287737882401, 32.318020623765022 ], [ -2.883887738285851, 32.318620623588494 ], [ -2.896287738159338, 32.324020623624136 ], [ -2.904487737815913, 32.323120622950164 ], [ -2.910287737740179, 32.321420623723789 ], [ -2.909987738142139, 32.326820623334946 ], [ -2.909687737730872, 32.331220623030958 ], [ -2.909887738499259, 32.334320623164416 ], [ -2.913387738566771, 32.335520622821797 ], [ -2.916787737276608, 32.333920623368492 ], [ -2.920087738432505, 32.328020622830778 ], [ -2.924087737031051, 32.323020623469553 ], [ -2.927387736745651, 32.31912062307029 ], [ -2.927587737553354, 32.314720623287627 ], [ -2.927687738427105, 32.311620623063547 ], [ -2.93258773767305, 32.308620622984137 ], [ -2.942287737771601, 32.302320622872195 ], [ -2.952187737581718, 32.296220623517357 ], [ -2.956087737014305, 32.290320623062996 ], [ -2.955787737977474, 32.287720623047136 ], [ -2.955887736741599, 32.286020623296579 ], [ -2.954787738453154, 32.278220622957278 ], [ -2.952887738469322, 32.27602062356312 ], [ -2.95598773799345, 32.270020622993741 ], [ -2.952687738081324, 32.267120623257512 ], [ -2.94928773828742, 32.266220622919448 ], [ -2.948487737799496, 32.263420623773577 ], [ -2.951287737955831, 32.260720623816717 ], [ -2.952587737481815, 32.257620622994288 ], [ -2.953287738175539, 32.254720622925888 ], [ -2.964287737898391, 32.251720623835666 ], [ -2.964987738569576, 32.242520623653412 ], [ -2.969087737608973, 32.235820623088202 ], [ -2.974087737813617, 32.226020623182137 ], [ -2.997987737922101, 32.214020622941973 ], [ -3.004287738187304, 32.210020623317035 ], [ -3.009387738609811, 32.205320622956492 ], [ -3.018187737770055, 32.203620623238443 ], [ -3.022287737353163, 32.202320623644532 ], [ -3.034487738331535, 32.19592062364574 ], [ -3.04828773780097, 32.193420623296234 ], [ -3.054887737290776, 32.19232062375206 ], [ -3.061487737800983, 32.191220623208594 ], [ -3.065787738115513, 32.191820623728688 ], [ -3.075587738343654, 32.192920623058157 ], [ -3.094387738275407, 32.189920623730849 ], [ -3.114887738482073, 32.188420623817848 ], [ -3.121287738483718, 32.187820623595897 ], [ -3.139887736962528, 32.184920623356447 ], [ -3.159587738264093, 32.182820623194075 ], [ -3.177887737995909, 32.181520623195603 ], [ -3.194787737918935, 32.176820622881003 ], [ -3.225587738076949, 32.170620623076381 ], [ -3.246387737862098, 32.166220623702955 ], [ -3.268987737642371, 32.160220623707389 ], [ -3.286087738031953, 32.1540206236754 ], [ -3.301587738417316, 32.153020622701497 ], [ -3.315487737532292, 32.151320623075229 ], [ -3.328687738110632, 32.150120623567091 ], [ -3.340687737876034, 32.148620623566288 ], [ -3.353787736614035, 32.143520623246047 ], [ -3.363987736901434, 32.137220623529096 ], [ -3.37768773674755, 32.129220622815218 ], [ -3.396087737762659, 32.134320623176315 ], [ -3.41028773706119, 32.135620622803216 ], [ -3.416887738052235, 32.137720622958689 ], [ -3.420187738214608, 32.14002062346399 ], [ -3.421787737855001, 32.14112062333043 ], [ -3.425787738002065, 32.147820622974578 ], [ -3.421487737184637, 32.15862062310196 ], [ -3.421487736790743, 32.161920622600007 ], [ -3.425687738080703, 32.164520623141833 ], [ -3.43118773757802, 32.166620622977533 ], [ -3.437587737224517, 32.171420623208434 ], [ -3.445487737281893, 32.172620622715435 ], [ -3.452187736836443, 32.173320622559856 ], [ -3.469087738107254, 32.178320623005952 ], [ -3.480887738005977, 32.182520622927186 ], [ -3.490887737947415, 32.184520623095061 ], [ -3.498387737815703, 32.185720622775413 ], [ -3.504087738157961, 32.185920622467179 ], [ -3.509387738452254, 32.186920622789501 ], [ -3.516487737684578, 32.186620622951956 ], [ -3.523187737702107, 32.186020622445355 ], [ -3.527487737530588, 32.186820623253489 ], [ -3.534187737637692, 32.188320622791537 ], [ -3.538587736469546, 32.187520622666987 ], [ -3.543787738371536, 32.187520623036129 ], [ -3.553187737959739, 32.186720622804771 ], [ -3.554887737036482, 32.185320622815176 ], [ -3.549087738016851, 32.182020623117687 ], [ -3.550887737543118, 32.176420623398762 ], [ -3.546487738171095, 32.174620622688543 ], [ -3.54028773781737, 32.172720623153836 ], [ -3.535687738295878, 32.164720622850894 ], [ -3.538287738001324, 32.161020623094544 ], [ -3.53818773690733, 32.156720622603132 ], [ -3.544387738081574, 32.152020622836893 ], [ -3.555787737865816, 32.146520622941715 ], [ -3.573787738435235, 32.140820622592663 ], [ -3.5854877373463, 32.136420622663394 ], [ -3.609587737642024, 32.131420622710465 ], [ -3.629287736733962, 32.126720623059924 ], [ -3.641187737983655, 32.124320622804213 ], [ -3.660287737113239, 32.118720622779271 ], [ -3.6871877382452, 32.114120622727924 ], [ -3.69858773662358, 32.111320623104696 ], [ -3.700687738326853, 32.112020622931276 ], [ -3.702287738071217, 32.115120622887929 ], [ -3.70038773670144, 32.121620622537947 ], [ -3.700487738206068, 32.132520622686357 ], [ -3.698587737273046, 32.133720622922702 ], [ -3.695887737357298, 32.134520623024954 ], [ -3.693687736621466, 32.135720622556789 ], [ -3.690787736553379, 32.139620622617372 ], [ -3.691887738087504, 32.140620622850726 ], [ -3.692087737537709, 32.142420622466013 ], [ -3.690487738029668, 32.144520622522016 ], [ -3.68338773767189, 32.153920622884755 ], [ -3.671287736626546, 32.170020622902882 ], [ -3.666687737804951, 32.177220623257469 ], [ -3.665987737100499, 32.185720622558712 ], [ -3.671287737075702, 32.194820622894923 ], [ -3.680987737540211, 32.200120622880632 ], [ -3.69268773718099, 32.203020622746003 ], [ -3.712187737131261, 32.206020622897434 ], [ -3.729687738186946, 32.207620623124249 ], [ -3.747987737790228, 32.205220622798365 ], [ -3.757187737953591, 32.204020622754975 ], [ -3.757187737812453, 32.206420622848775 ], [ -3.750787737866613, 32.223520622487001 ], [ -3.745487737373761, 32.233920622640404 ], [ -3.73998773750706, 32.247120622454013 ], [ -3.736287736805359, 32.256920622589782 ], [ -3.736087737788523, 32.268020622367452 ], [ -3.739187737659455, 32.270220622228464 ], [ -3.743387736888836, 32.272320622156812 ], [ -3.746687737446673, 32.271120622809953 ], [ -3.760887736495647, 32.268720622464492 ], [ -3.776787736998528, 32.2649206227061 ], [ -3.781387738105114, 32.262520622214396 ], [ -3.786787736939144, 32.25972062223704 ], [ -3.797987736647326, 32.260020622064701 ], [ -3.808987736896482, 32.257720622627822 ], [ -3.813287736395989, 32.258220622031082 ], [ -3.813187738121689, 32.265820622029722 ], [ -3.806487737397441, 32.272220622932714 ], [ -3.799287738087207, 32.275920622183833 ], [ -3.789987737880428, 32.278120622186762 ], [ -3.782987737288483, 32.28342062279404 ], [ -3.779487738106337, 32.289520622877085 ], [ -3.779887737146725, 32.290820622864381 ], [ -3.781587738011006, 32.29642062259267 ], [ -3.788387736800083, 32.307820622887718 ], [ -3.795687737241471, 32.328920622896511 ], [ -3.804587737990733, 32.346720622396546 ], [ -3.812287736582963, 32.363920622288042 ], [ -3.819287737617466, 32.370020622721263 ], [ -3.821787737514287, 32.375820622335603 ], [ -3.822487737802713, 32.378420621895494 ], [ -3.827987737542022, 32.386320622720078 ], [ -3.830087737551908, 32.392720622624388 ], [ -3.835787737616699, 32.400320622405225 ], [ -3.835987737368994, 32.400520622209761 ], [ -3.846987737124012, 32.412420622657478 ], [ -3.860187737389397, 32.422520622145271 ], [ -3.863887737094254, 32.428220622222497 ], [ -3.86948773668622, 32.432920622437969 ], [ -3.880587737372877, 32.438220622380598 ], [ -3.885687737533597, 32.445420622386315 ], [ -3.868787737167504, 32.446020622558024 ], [ -3.849187737287975, 32.44842062215411 ], [ -3.841087737680041, 32.450920621917291 ], [ -3.8351877378893, 32.45472062191061 ], [ -3.830687737780477, 32.454420621731785 ], [ -3.821987737203321, 32.454120622145027 ], [ -3.81328773607662, 32.453220622521627 ], [ -3.804887736454117, 32.449920622514213 ], [ -3.798087737658396, 32.447420621891361 ], [ -3.787987736358298, 32.44622062184682 ], [ -3.776787736287032, 32.447220621831768 ], [ -3.769087736324883, 32.452720622671514 ], [ -3.764787736602696, 32.461520622255222 ], [ -3.75898773793243, 32.46962062261354 ], [ -3.753087737490932, 32.472720621973465 ], [ -3.744887737683629, 32.471820622518997 ], [ -3.731487737633665, 32.47512062262053 ], [ -3.723387736057355, 32.480520622162537 ], [ -3.718287736525262, 32.481720622648972 ], [ -3.713687737656986, 32.486220621842421 ], [ -3.706587737852685, 32.491520622334605 ], [ -3.699187737018876, 32.492520622755016 ], [ -3.691487737029846, 32.496820621986529 ], [ -3.683987737080274, 32.501820622556465 ], [ -3.679987736920534, 32.502520622394286 ], [ -3.675887737169002, 32.503220621983282 ], [ -3.662787737615958, 32.502420621878443 ], [ -3.65048773692185, 32.49702062233542 ], [ -3.642387737798456, 32.486820622747729 ], [ -3.63628773797759, 32.477920622315672 ], [ -3.63118773735239, 32.472920621926065 ], [ -3.622887737861129, 32.466120622624402 ], [ -3.612787736440219, 32.461520622787155 ], [ -3.598387737652319, 32.455120622418747 ], [ -3.580387736383627, 32.45282062262131 ], [ -3.565987737739122, 32.454320622028447 ], [ -3.553287737122565, 32.461420622953284 ], [ -3.544487736220968, 32.465320622238465 ], [ -3.534987737755206, 32.473220622625178 ], [ -3.522687736650976, 32.478820622767039 ], [ -3.51198773769577, 32.479720622309848 ], [ -3.50338773615692, 32.482120622141558 ], [ -3.498287736541161, 32.482320622850217 ], [ -3.489987737348043, 32.486820622575124 ], [ -3.479187737977489, 32.483920622287286 ], [ -3.469987736824675, 32.48472062287285 ], [ -3.455087737142045, 32.485520622336722 ], [ -3.433587737971433, 32.484120622682546 ], [ -3.416487737414063, 32.481420622254632 ], [ -3.409987737533445, 32.481520622838723 ], [ -3.404387737423243, 32.481420622312598 ], [ -3.39478773711414, 32.486720623053337 ], [ -3.38348773774659, 32.496920622616074 ], [ -3.377587737951137, 32.502920622460834 ], [ -3.37008773703565, 32.506720622540641 ], [ -3.348887736336506, 32.50792062304599 ], [ -3.327487736350116, 32.510520622524062 ], [ -3.283087736666289, 32.519520622248486 ], [ -3.219387737404944, 32.536220622466487 ], [ -3.198687737690336, 32.540720622667031 ], [ -3.184487737056171, 32.542320622259759 ], [ -3.163787737632614, 32.5410206229121 ], [ -3.143287738019703, 32.544520622784802 ], [ -3.128087736919544, 32.550320622554231 ], [ -3.113587736757756, 32.557220622663223 ], [ -3.095387737331897, 32.561720623179298 ], [ -3.070287737421097, 32.562620622826628 ], [ -3.049187736763035, 32.562820622649433 ], [ -3.031387737807504, 32.562920623015785 ], [ -3.022987737713208, 32.564320622683908 ] ] ] ] } },
{ "type": "Feature", "properties": { "Nom_Commun": "Bouanane", "Province": "Figuig", "Population 2024": 10701, "Taux d'analphabétisme  (%)": 36.8, "Taux de scolarisation (%)": 94.7, "Taux d'activité (%)": 34.2, "Taux de chômage (%)": 20.9, "Eau courante (%)": 48.0, "Électricité (%)": 84.6, "Indice de pauvreté multidimensionnelle (en %)": 9.62, "Taux de pauvreté (en %)": 23.4, "Taux de vulnérabilité (en %)": 15.3, "Accès_à_Assainissement": 75.9 }, "geometry": { "type": "MultiPolygon", "coordinates": [ [ [ [ -2.563987738179993, 32.607320623372011 ], [ -2.540887738281182, 32.611220623561472 ], [ -2.524887738327243, 32.612820623690681 ], [ -2.509087737086036, 32.610720623029103 ], [ -2.497087737820919, 32.60522062370184 ], [ -2.493287737590333, 32.600320622958677 ], [ -2.490387738065176, 32.574520623798364 ], [ -2.488287737449633, 32.554120623677832 ], [ -2.487987738125595, 32.532920623191004 ], [ -2.480587737801114, 32.509420623931597 ], [ -2.477287737558048, 32.502520623266633 ], [ -2.474187737030604, 32.499620622991209 ], [ -2.473687738269742, 32.482020624002331 ], [ -2.448587737876772, 32.457320623448766 ], [ -2.438087737872207, 32.445420623404544 ], [ -2.42798773713089, 32.431020623421837 ], [ -2.430487738136187, 32.407820623824527 ], [ -2.445787738712174, 32.373720623259409 ], [ -2.410587738771497, 32.292020623902751 ], [ -2.403987738054821, 32.276220623490701 ], [ -2.402487737152666, 32.265120624407828 ], [ -2.40568773881675, 32.254820624321503 ], [ -2.412387738458637, 32.240420624114783 ], [ -2.418387737861755, 32.232120624434103 ], [ -2.419487738330773, 32.230920624418076 ], [ -2.417987737682525, 32.228320623588274 ], [ -2.408287738281361, 32.21182062361202 ], [ -2.400487737580157, 32.18872062371188 ], [ -2.398887738304527, 32.161020623976633 ], [ -2.396787737564378, 32.146720624228102 ], [ -2.395387737803708, 32.138920624438661 ], [ -2.396587737190348, 32.126820623750561 ], [ -2.395287738686736, 32.125320624026429 ], [ -2.412787738963602, 32.125220624087731 ], [ -2.452587737252412, 32.120420623696447 ], [ -2.490487737331043, 32.117420624157013 ], [ -2.525987737915135, 32.108720623785707 ], [ -2.559387737741885, 32.096420624278316 ], [ -2.576987738877263, 32.08732062373624 ], [ -2.609287737114309, 32.075620624208746 ], [ -2.658387737795521, 32.07292062397994 ], [ -2.703687738501649, 32.073520623692133 ], [ -2.759087737400859, 32.076420623574393 ], [ -2.759687737047475, 32.076520623472732 ], [ -2.774287738830799, 32.066020623896392 ], [ -2.78558773845825, 32.057920624069055 ], [ -2.80608773699542, 32.041720624067437 ], [ -2.826987738134006, 32.032520623369201 ], [ -2.842987737661229, 32.026520623413148 ], [ -2.883787737609945, 32.009620623806278 ], [ -2.901387738334516, 31.996720624062817 ], [ -2.903087737246364, 31.995520624112341 ], [ -2.913087737746137, 31.987720624117109 ], [ -2.943487737561895, 31.965620624195189 ], [ -2.953687738216635, 31.954920623456609 ], [ -2.960787737883668, 31.947320623616228 ], [ -2.972487738119691, 31.93762062352657 ], [ -2.984887738775726, 31.930620623894235 ], [ -2.989287737810869, 31.927420623931944 ], [ -2.996287738844932, 31.924920624163331 ], [ -2.998387738101491, 31.921820623487609 ], [ -3.008187738636747, 31.915020624140755 ], [ -3.016187737714321, 31.907520623599456 ], [ -3.02078773824041, 31.902520623995393 ], [ -3.038387737803141, 31.889520624297191 ], [ -3.050587737395342, 31.879020624147682 ], [ -3.078387738415699, 31.855620623659384 ], [ -3.094187738576276, 31.838520623376425 ], [ -3.102887738066004, 31.832420624073954 ], [ -3.112087738460698, 31.823520623757641 ], [ -3.122287738335129, 31.822320623373955 ], [ -3.131887737935202, 31.822720623627141 ], [ -3.139087737353604, 31.820820623466759 ], [ -3.147987737236737, 31.821920624209476 ], [ -3.15398773885399, 31.819420623739152 ], [ -3.162987738132491, 31.819820623648944 ], [ -3.171087738652905, 31.81412062394806 ], [ -3.179387737350004, 31.814020624097381 ], [ -3.179687739005149, 31.803120623522794 ], [ -3.182987738305497, 31.80132062413437 ], [ -3.187687738579736, 31.8038206234319 ], [ -3.194587738106927, 31.81892062353208 ], [ -3.234087738231487, 31.893820623210857 ], [ -3.244187737826233, 31.911320623909148 ], [ -3.253587737763101, 31.927420623500488 ], [ -3.264587737680275, 31.951220623935278 ], [ -3.264887738592975, 31.9519206240142 ], [ -3.274487738672978, 31.972720623612215 ], [ -3.272387738059247, 31.999020623353363 ], [ -3.270687737055329, 32.013420623903379 ], [ -3.271187738685573, 32.027820623231591 ], [ -3.271487737187848, 32.049920623592492 ], [ -3.272287736973389, 32.099120623447483 ], [ -3.271287736953827, 32.11052062328455 ], [ -3.264287738648609, 32.117420623105382 ], [ -3.260087736799375, 32.120320622942963 ], [ -3.248987738028738, 32.128020623664959 ], [ -3.229887738646643, 32.138020623285598 ], [ -3.215187737819253, 32.14972062283055 ], [ -3.188287737809353, 32.174220623015849 ], [ -3.177887737995909, 32.181520623195603 ], [ -3.159587738264093, 32.182820623194075 ], [ -3.139887736962528, 32.184920623356447 ], [ -3.121287738483718, 32.187820623595897 ], [ -3.114887738482073, 32.188420623817848 ], [ -3.094387738275407, 32.189920623730849 ], [ -3.075587738343654, 32.192920623058157 ], [ -3.065787738115513, 32.191820623728688 ], [ -3.061487737800983, 32.191220623208594 ], [ -3.054887737290776, 32.19232062375206 ], [ -3.04828773780097, 32.193420623296234 ], [ -3.034487738331535, 32.19592062364574 ], [ -3.022287737353163, 32.202320623644532 ], [ -3.018187737770055, 32.203620623238443 ], [ -3.009387738609811, 32.205320622956492 ], [ -3.004287738187304, 32.210020623317035 ], [ -2.997987737922101, 32.214020622941973 ], [ -2.974087737813617, 32.226020623182137 ], [ -2.969087737608973, 32.235820623088202 ], [ -2.964987738569576, 32.242520623653412 ], [ -2.964287737898391, 32.251720623835666 ], [ -2.953287738175539, 32.254720622925888 ], [ -2.952587737481815, 32.257620622994288 ], [ -2.951287737955831, 32.260720623816717 ], [ -2.948487737799496, 32.263420623773577 ], [ -2.94928773828742, 32.266220622919448 ], [ -2.952687738081324, 32.267120623257512 ], [ -2.95598773799345, 32.270020622993741 ], [ -2.952887738469322, 32.27602062356312 ], [ -2.954787738453154, 32.278220622957278 ], [ -2.955887736741599, 32.286020623296579 ], [ -2.955787737977474, 32.287720623047136 ], [ -2.956087737014305, 32.290320623062996 ], [ -2.952187737581718, 32.296220623517357 ], [ -2.942287737771601, 32.302320622872195 ], [ -2.93258773767305, 32.308620622984137 ], [ -2.927687738427105, 32.311620623063547 ], [ -2.927587737553354, 32.314720623287627 ], [ -2.927387736745651, 32.31912062307029 ], [ -2.924087737031051, 32.323020623469553 ], [ -2.920087738432505, 32.328020622830778 ], [ -2.916787737276608, 32.333920623368492 ], [ -2.913387738566771, 32.335520622821797 ], [ -2.909887738499259, 32.334320623164416 ], [ -2.909687737730872, 32.331220623030958 ], [ -2.909987738142139, 32.326820623334946 ], [ -2.910287737740179, 32.321420623723789 ], [ -2.904487737815913, 32.323120622950164 ], [ -2.896287738159338, 32.324020623624136 ], [ -2.883887738285851, 32.318620623588494 ], [ -2.876287737882401, 32.318020623765022 ], [ -2.871887738274673, 32.315920623705857 ], [ -2.869387737816601, 32.312920622883965 ], [ -2.870787737695422, 32.309720623264674 ], [ -2.875887738325423, 32.307220623688004 ], [ -2.877187737726863, 32.3051206233825 ], [ -2.87538773701269, 32.302420623121257 ], [ -2.865687737733989, 32.300720623862823 ], [ -2.86028773741781, 32.300720622932033 ], [ -2.857187737784827, 32.306320623545979 ], [ -2.852387737561625, 32.312620623327675 ], [ -2.850187737849851, 32.317120623761909 ], [ -2.847587738473338, 32.326120623142096 ], [ -2.850487738398985, 32.333520623410685 ], [ -2.845487736943034, 32.341620623075571 ], [ -2.846987737860155, 32.344320622968745 ], [ -2.852487737695383, 32.347920622971799 ], [ -2.855087738047494, 32.35072062319113 ], [ -2.860587737976242, 32.356520623665546 ], [ -2.868487737211852, 32.360820622923846 ], [ -2.881087737281928, 32.366720623422033 ], [ -2.880987738237946, 32.368720623432097 ], [ -2.889387738465722, 32.37562062314025 ], [ -2.893587738130385, 32.381820623547831 ], [ -2.910087738493587, 32.383820622910292 ], [ -2.926787737914909, 32.385020622842028 ], [ -2.929887738100989, 32.390020623410635 ], [ -2.920487738135757, 32.395520622830958 ], [ -2.906187737231779, 32.399420623421548 ], [ -2.879387737893318, 32.402120623161508 ], [ -2.86718773803167, 32.400520623545511 ], [ -2.84578773805302, 32.399420623733803 ], [ -2.827487737459535, 32.40082062302065 ], [ -2.816587737984656, 32.400620623320933 ], [ -2.790087738554882, 32.393120623562588 ], [ -2.778987736815529, 32.394620622934681 ], [ -2.758387737955594, 32.39162062350421 ], [ -2.739187738306587, 32.387620623402441 ], [ -2.737087736823534, 32.40812062300337 ], [ -2.735287737904384, 32.421720623459784 ], [ -2.730587738331163, 32.433320622863036 ], [ -2.725987738402339, 32.444620623031696 ], [ -2.724287738006918, 32.460220623119817 ], [ -2.717187737803052, 32.483420622825925 ], [ -2.721087738061482, 32.485920623562265 ], [ -2.734887737525058, 32.484420623696018 ], [ -2.756887737543704, 32.484020623067806 ], [ -2.77228773734369, 32.48072062346813 ], [ -2.786287738119893, 32.484420622802205 ], [ -2.793887736649852, 32.485620623251229 ], [ -2.795587738218825, 32.490920622915006 ], [ -2.79368773682532, 32.497020623057892 ], [ -2.780887736519746, 32.529220622700507 ], [ -2.76168773713064, 32.558820623210572 ], [ -2.741587738402714, 32.584220623440324 ], [ -2.732287737920101, 32.594720623048005 ], [ -2.721287738324108, 32.602620622850338 ], [ -2.701187736911865, 32.613820622879189 ], [ -2.6890877381622, 32.61892062292516 ], [ -2.683787737426329, 32.618720623311155 ], [ -2.674287736811048, 32.613920623460793 ], [ -2.66868773791664, 32.608820623380637 ], [ -2.663087737270447, 32.607720622864527 ], [ -2.629487736717319, 32.605420623394345 ], [ -2.593787736743878, 32.603720622910295 ], [ -2.582587736959435, 32.603120622950712 ], [ -2.56698773795485, 32.605920623268524 ], [ -2.563987738179993, 32.607320623372011 ] ] ] ] } },
{ "type": "Feature", "properties": { "Nom_Commun": "Bouarfa (Mun.)", "Province": "Figuig", "Population 2024": 27485, "Taux d'analphabétisme  (%)": 20.8, "Taux de scolarisation (%)": 94.9, "Taux d'activité (%)": 38.8, "Taux de chômage (%)": 31.6, "Eau courante (%)": 98.9, "Électricité (%)": 98.7, "Indice de pauvreté multidimensionnelle (en %)": 1.11, "Taux de pauvreté (en %)": 3.0, "Taux de vulnérabilité (en %)": 3.8, "Accès_à_Assainissement": 99.3 }, "geometry": { "type": "MultiPolygon", "coordinates": [ [ [ [ -1.962687738653913, 32.517120623667985 ], [ -1.963487738328758, 32.517320623880941 ], [ -1.964787738126664, 32.517720623577077 ], [ -1.967087736903871, 32.518420623608556 ], [ -1.96848773722116, 32.51882062355098 ], [ -1.970387738662953, 32.519420623979201 ], [ -1.970687738355921, 32.520220623778634 ], [ -1.972087737959433, 32.523720624391977 ], [ -1.973187736864584, 32.526420624230539 ], [ -1.973587736871112, 32.527520624203234 ], [ -1.973987737276416, 32.528020624360856 ], [ -1.974987737187071, 32.530920624273435 ], [ -1.974987737585045, 32.531820624012397 ], [ -1.974687737954926, 32.534420623874681 ], [ -1.974387737319069, 32.537020623759538 ], [ -1.97388773812316, 32.537920624295708 ], [ -1.97268773828841, 32.540320623730182 ], [ -1.972187737621712, 32.541420623557428 ], [ -1.969587738631161, 32.541220623922214 ], [ -1.968887737008043, 32.541220624211661 ], [ -1.966587738573816, 32.541020624310313 ], [ -1.965487737882018, 32.541020623622643 ], [ -1.964187736890427, 32.540920623805796 ], [ -1.9623877373132, 32.540820623767516 ], [ -1.961387737609363, 32.540620624043633 ], [ -1.960387736905964, 32.540420624320006 ], [ -1.958387738500399, 32.540020623873808 ], [ -1.95488773761976, 32.538220623811249 ], [ -1.954087738420578, 32.537820624300821 ], [ -1.953287738093034, 32.536620623680307 ], [ -1.952587737813663, 32.535620623586112 ], [ -1.952187736888009, 32.533420623574507 ], [ -1.951987737390564, 32.532120623800722 ], [ -1.951487737874571, 32.529520624027242 ], [ -1.951387736956918, 32.528620624058647 ], [ -1.952087738304779, 32.527020623594993 ], [ -1.952987737752784, 32.525820624166464 ], [ -1.953887738665743, 32.524420623473127 ], [ -1.954387738380249, 32.52372062425043 ], [ -1.954887737361825, 32.523120623663388 ], [ -1.956287737857942, 32.521720624199432 ], [ -1.958587738332817, 32.519320623601793 ], [ -1.959587738561351, 32.518220624076314 ], [ -1.960587736931133, 32.517920623613811 ], [ -1.961187737232, 32.517620624177312 ], [ -1.962687738653913, 32.517120623667985 ] ] ] ] } },
{ "type": "Feature", "properties": { "Nom_Commun": "Bouchaouene", "Province": "Figuig", "Population 2024": 15239, "Taux d'analphabétisme  (%)": 73.2, "Taux de scolarisation (%)": 54.4, "Taux d'activité (%)": 33.7, "Taux de chômage (%)": 25.0, "Eau courante (%)": 16.2, "Électricité (%)": 62.2, "Indice de pauvreté multidimensionnelle (en %)": 33.7, "Taux de pauvreté (en %)": 70.2, "Taux de vulnérabilité (en %)": 10.4, "Accès_à_Assainissement": 18.4 }, "geometry": { "type": "MultiPolygon", "coordinates": [ [ [ [ -3.53718773572683, 33.095120621046206 ], [ -3.535887736639066, 33.094920621786102 ], [ -3.522787736680673, 33.093620621116024 ], [ -3.518687736527323, 33.097920621091376 ], [ -3.510787736697311, 33.101120621166878 ], [ -3.499787737001762, 33.099220621801663 ], [ -3.49138773652286, 33.098220621398781 ], [ -3.487287735775412, 33.095520621552211 ], [ -3.485187737437879, 33.095520621913501 ], [ -3.482087737019596, 33.095420621707902 ], [ -3.480087736822495, 33.092820621418348 ], [ -3.446787737246744, 33.087920621983237 ], [ -3.443687735989745, 33.086920621891601 ], [ -3.426987735962545, 33.085820621479328 ], [ -3.417587735601118, 33.085620621537089 ], [ -3.414487737491893, 33.085620621230888 ], [ -3.406187736022033, 33.083720621353301 ], [ -3.404087736866259, 33.082820621851553 ], [ -3.384187736473575, 33.086920621443809 ], [ -3.368487736222113, 33.088420621523881 ], [ -3.364287737053853, 33.090920621175535 ], [ -3.358987736917175, 33.091720621986532 ], [ -3.355887736580006, 33.092520621693247 ], [ -3.350787735674943, 33.088120621489196 ], [ -3.346587737065718, 33.088020621366638 ], [ -3.341287736976227, 33.088820621173213 ], [ -3.338187736667762, 33.089620621871973 ], [ -3.327787737223616, 33.088620621274153 ], [ -3.306787737086469, 33.091720622158398 ], [ -3.289987737324723, 33.097620621818763 ], [ -3.285687736938179, 33.100220622090532 ], [ -3.280487736147518, 33.102720622088228 ], [ -3.275287736911021, 33.102620621271804 ], [ -3.243787736160067, 33.107320622087734 ], [ -3.205087736339791, 33.111920621729716 ], [ -3.196687736384023, 33.114420622172204 ], [ -3.174787736625361, 33.11142062211929 ], [ -3.168487736810095, 33.113920622171285 ], [ -3.154887737188316, 33.115420621882841 ], [ -3.136987736107936, 33.121220621845659 ], [ -3.132687736763105, 33.125620622029118 ], [ -3.12948773630632, 33.125520621562181 ], [ -3.126387736301452, 33.126320622288844 ], [ -3.11798773722756, 33.126220621869763 ], [ -3.103387736487866, 33.125920622061997 ], [ -3.038487737377344, 33.131720622005098 ], [ -3.005787735977232, 33.14342062233731 ], [ -2.995087737121535, 33.152820621685791 ], [ -2.989187737518564, 33.162820621521035 ], [ -2.977587737120747, 33.168120621435285 ], [ -2.970987735790195, 33.168020621777394 ], [ -2.959287736915484, 33.173320621471966 ], [ -2.87358773634388, 33.182620621549539 ], [ -2.878787737183314, 33.187920621867455 ], [ -2.873987736575307, 33.187020621890461 ], [ -2.860487736141806, 33.186920621619301 ], [ -2.851787736021217, 33.189520622391314 ], [ -2.842087737331602, 33.191120621542396 ], [ -2.837787737427186, 33.191120621953381 ], [ -2.830487737571973, 33.184620622304443 ], [ -2.823187736925563, 33.162220622026538 ], [ -2.820687737129535, 33.155020621845225 ], [ -2.812187737409198, 33.132220622304963 ], [ -2.809287737475405, 33.119920622550168 ], [ -2.803187736987856, 33.098820621969416 ], [ -2.796287737169198, 33.084020622682097 ], [ -2.789487737316926, 33.0718206225879 ], [ -2.783187737675285, 33.063120622024378 ], [ -2.778987736523146, 33.053920622097571 ], [ -2.772787736941176, 33.033120621916808 ], [ -2.7704877368927, 33.026120622369028 ], [ -2.766287737865108, 33.013020622329719 ], [ -2.756787736617821, 32.98742062217169 ], [ -2.751787737304606, 32.96922062234102 ], [ -2.750987737875847, 32.947020622397176 ], [ -2.744787736940069, 32.912920622332159 ], [ -2.743087737748509, 32.896920622261604 ], [ -2.740987737065404, 32.896020622719931 ], [ -2.739487736150197, 32.881920623007396 ], [ -2.73608773806017, 32.866320622409944 ], [ -2.734687737572787, 32.850620623064387 ], [ -2.730887737697905, 32.839620622502785 ], [ -2.728287737032875, 32.827220622762482 ], [ -2.718387737620492, 32.806720622421096 ], [ -2.709187738119863, 32.784720623207313 ], [ -2.704787737295382, 32.764620623106609 ], [ -2.702787737159259, 32.751820623306863 ], [ -2.702587736863692, 32.750920623160596 ], [ -2.715687736453955, 32.746120623082817 ], [ -2.724687738241148, 32.735920623004624 ], [ -2.72718773778778, 32.731320622662544 ], [ -2.727287736787432, 32.727020622492731 ], [ -2.719587738185838, 32.722120623260416 ], [ -2.712687738180683, 32.719320622420028 ], [ -2.708887737955, 32.719220623074392 ], [ -2.700387737016691, 32.712720622413428 ], [ -2.688487737615749, 32.704720622528114 ], [ -2.661987737999795, 32.677520622987721 ], [ -2.645387737144521, 32.663720623538893 ], [ -2.63078773784216, 32.655320622787123 ], [ -2.597387738325321, 32.632220623040581 ], [ -2.578887737557682, 32.619820623222843 ], [ -2.563987738179993, 32.607320623372011 ], [ -2.56698773795485, 32.605920623268524 ], [ -2.582587736959435, 32.603120622950712 ], [ -2.593787736743878, 32.603720622910295 ], [ -2.629487736717319, 32.605420623394345 ], [ -2.663087737270447, 32.607720622864527 ], [ -2.66868773791664, 32.608820623380637 ], [ -2.674287736811048, 32.613920623460793 ], [ -2.683787737426329, 32.618720623311155 ], [ -2.6890877381622, 32.61892062292516 ], [ -2.701187736911865, 32.613820622879189 ], [ -2.721287738324108, 32.602620622850338 ], [ -2.732287737920101, 32.594720623048005 ], [ -2.741587738402714, 32.584220623440324 ], [ -2.76168773713064, 32.558820623210572 ], [ -2.780887736519746, 32.529220622700507 ], [ -2.79368773682532, 32.497020623057892 ], [ -2.795587738218825, 32.490920622915006 ], [ -2.793887736649852, 32.485620623251229 ], [ -2.786287738119893, 32.484420622802205 ], [ -2.77228773734369, 32.48072062346813 ], [ -2.756887737543704, 32.484020623067806 ], [ -2.734887737525058, 32.484420623696018 ], [ -2.721087738061482, 32.485920623562265 ], [ -2.717187737803052, 32.483420622825925 ], [ -2.724287738006918, 32.460220623119817 ], [ -2.725987738402339, 32.444620623031696 ], [ -2.730587738331163, 32.433320622863036 ], [ -2.735287737904384, 32.421720623459784 ], [ -2.737087736823534, 32.40812062300337 ], [ -2.739187738306587, 32.387620623402441 ], [ -2.758387737955594, 32.39162062350421 ], [ -2.778987736815529, 32.394620622934681 ], [ -2.790087738554882, 32.393120623562588 ], [ -2.816587737984656, 32.400620623320933 ], [ -2.827487737459535, 32.40082062302065 ], [ -2.84578773805302, 32.399420623733803 ], [ -2.86718773803167, 32.400520623545511 ], [ -2.879387737893318, 32.402120623161508 ], [ -2.88958773763786, 32.421020623601642 ], [ -2.901087736772947, 32.44302062335931 ], [ -2.916487737785629, 32.472620622771956 ], [ -2.928487738145579, 32.496620623198943 ], [ -2.944987737618624, 32.508520623474482 ], [ -2.964987737633796, 32.52682062281869 ], [ -2.999987737585045, 32.551320622844848 ], [ -3.022987737713208, 32.564320622683908 ], [ -3.030787737532339, 32.567620622717833 ], [ -3.041387738151859, 32.572420623100911 ], [ -3.068287737487595, 32.58652062262685 ], [ -3.096987737608073, 32.603120623115935 ], [ -3.110387737785374, 32.61162062236906 ], [ -3.136387736267365, 32.625320622434458 ], [ -3.163187737464557, 32.638620622563181 ], [ -3.175487736685303, 32.647620622044379 ], [ -3.190087737343521, 32.661520622094663 ], [ -3.193187737394426, 32.664820622823754 ], [ -3.195687736133973, 32.691620622574384 ], [ -3.199687737281685, 32.706320621985853 ], [ -3.207387737376829, 32.719720621936247 ], [ -3.215287736338791, 32.735120622063668 ], [ -3.229387737657712, 32.750020622182923 ], [ -3.2491877377703, 32.776620622068435 ], [ -3.254987736611483, 32.796520621863095 ], [ -3.257087736948515, 32.802520622641872 ], [ -3.276987736353048, 32.833720622273979 ], [ -3.288787736552044, 32.850420622507961 ], [ -3.30308773619759, 32.861120622549947 ], [ -3.30748773748537, 32.862320622539379 ], [ -3.317087737034582, 32.863120621876078 ], [ -3.369487735813576, 32.870920621590962 ], [ -3.381987737556803, 32.871720621573182 ], [ -3.405287737568516, 32.896620622207578 ], [ -3.425887736808636, 32.915920621407935 ], [ -3.441287737131284, 32.932420621393319 ], [ -3.46628773577411, 32.954820621883719 ], [ -3.475187737223002, 32.963920621341259 ], [ -3.485687736584463, 32.996520621736593 ], [ -3.498287735578023, 33.01532062128949 ], [ -3.504187735851027, 33.021120621636221 ], [ -3.511487736257755, 33.031520621422843 ], [ -3.516587736471773, 33.045120621456078 ], [ -3.523387737461483, 33.059620621557457 ], [ -3.531387736733496, 33.075720621692007 ], [ -3.534187736948939, 33.080320621575474 ], [ -3.53718773572683, 33.095120621046206 ] ] ] ] } },
{ "type": "Feature", "properties": { "Nom_Commun": "Boumerieme", "Province": "Figuig", "Population 2024": 8063, "Taux d'analphabétisme  (%)": 55.1, "Taux de scolarisation (%)": 88.3, "Taux d'activité (%)": 34.2, "Taux de chômage (%)": 23.5, "Eau courante (%)": 48.9, "Électricité (%)": 74.6, "Indice de pauvreté multidimensionnelle (en %)": 17.09, "Taux de pauvreté (en %)": 39.2, "Taux de vulnérabilité (en %)": 18.9, "Accès_à_Assainissement": 28.8 }, "geometry": { "type": "MultiPolygon", "coordinates": [ [ [ [ -3.609487735495633, 33.097020621221397 ], [ -3.5748877359892, 33.113120621227566 ], [ -3.569687737227723, 33.113120621219402 ], [ -3.563187737234354, 33.108520621766438 ], [ -3.559387735611573, 33.104120621447031 ], [ -3.550287736654729, 33.097320621705826 ], [ -3.53718773572683, 33.095120621046206 ], [ -3.534187736948939, 33.080320621575474 ], [ -3.531387736733496, 33.075720621692007 ], [ -3.523387737461483, 33.059620621557457 ], [ -3.516587736471773, 33.045120621456078 ], [ -3.511487736257755, 33.031520621422843 ], [ -3.504187735851027, 33.021120621636221 ], [ -3.498287735578023, 33.01532062128949 ], [ -3.485687736584463, 32.996520621736593 ], [ -3.475187737223002, 32.963920621341259 ], [ -3.46628773577411, 32.954820621883719 ], [ -3.441287737131284, 32.932420621393319 ], [ -3.425887736808636, 32.915920621407935 ], [ -3.405287737568516, 32.896620622207578 ], [ -3.381987737556803, 32.871720621573182 ], [ -3.369487735813576, 32.870920621590962 ], [ -3.317087737034582, 32.863120621876078 ], [ -3.30748773748537, 32.862320622539379 ], [ -3.30308773619759, 32.861120622549947 ], [ -3.309987736019283, 32.854120621872951 ], [ -3.319087737742205, 32.842020621735223 ], [ -3.331387736322443, 32.830920622175192 ], [ -3.349687737235713, 32.817020622565821 ], [ -3.369987737658627, 32.804320621959192 ], [ -3.392587737655337, 32.791220622577882 ], [ -3.407587736455979, 32.782820622283673 ], [ -3.430487737610823, 32.770220622178606 ], [ -3.454987737006796, 32.76042062198848 ], [ -3.481587735948013, 32.746020622284959 ], [ -3.49888773680046, 32.741820621691673 ], [ -3.520087735872294, 32.731420622036289 ], [ -3.54908773720835, 32.718520621701643 ], [ -3.564887735942769, 32.710320622310597 ], [ -3.577687737398903, 32.702720621907417 ], [ -3.57798773686575, 32.699720622172926 ], [ -3.578887737200921, 32.695620621768825 ], [ -3.582087737553115, 32.689220622119407 ], [ -3.581887737564743, 32.685220621794052 ], [ -3.579487737565864, 32.679620622030875 ], [ -3.57828773783497, 32.67612062200196 ], [ -3.57478773749516, 32.671020622326481 ], [ -3.56828773729473, 32.667120621979372 ], [ -3.565687736423085, 32.665320622090547 ], [ -3.562987737249931, 32.662020621916348 ], [ -3.562487736899353, 32.657420621821174 ], [ -3.562187737572124, 32.646320621737651 ], [ -3.562287736997776, 32.63782062200211 ], [ -3.560187736808558, 32.633120622516614 ], [ -3.556887737728365, 32.626520622320164 ], [ -3.556087737211526, 32.622620622096626 ], [ -3.555687737527516, 32.616520622081936 ], [ -3.552887736896675, 32.61452062261359 ], [ -3.552987737219785, 32.613220622514667 ], [ -3.555187737232207, 32.611220622690603 ], [ -3.557987736587492, 32.61112062203761 ], [ -3.558587736613954, 32.609320622622619 ], [ -3.560187736554042, 32.606720622002101 ], [ -3.582787736621543, 32.613020622303495 ], [ -3.605587737812352, 32.617620622073439 ], [ -3.625287737745006, 32.625020622465804 ], [ -3.640587737538916, 32.629620621621044 ], [ -3.648387737373165, 32.629720622102532 ], [ -3.671787737055939, 32.628420621904233 ], [ -3.704487736548591, 32.624220622142523 ], [ -3.725487736183774, 32.621220622487243 ], [ -3.732687737224869, 32.618720621532113 ], [ -3.769387737552997, 32.618420622278713 ], [ -3.812087737088474, 32.61782062207498 ], [ -3.820887737125622, 32.617320621725256 ], [ -3.83128773764692, 32.614720622112088 ], [ -3.836687736122369, 32.609820622099733 ], [ -3.84268773691241, 32.599220622337093 ], [ -3.844087737125722, 32.597120621675778 ], [ -3.847687735901841, 32.582820621645872 ], [ -3.852287737395033, 32.576720622462354 ], [ -3.858687736689408, 32.574120621966486 ], [ -3.868987737163298, 32.570120622295477 ], [ -3.876687737656769, 32.56172062172211 ], [ -3.887687737540052, 32.549920621522169 ], [ -3.910687736585206, 32.538120621827751 ], [ -3.935187737364499, 32.528420621958595 ], [ -3.943987737676711, 32.539120621490419 ], [ -3.958187737040661, 32.555720622084024 ], [ -3.966587737439256, 32.565520622321586 ], [ -3.979487737587746, 32.582920622174775 ], [ -3.988187737674938, 32.593520622051294 ], [ -3.993187736664539, 32.5968206217279 ], [ -3.998287736005538, 32.598420621305728 ], [ -3.998787736869745, 32.611920621326568 ], [ -3.999087736654963, 32.620720621796806 ], [ -3.998287736603126, 32.648920621900452 ], [ -3.984987737571239, 32.664620621525827 ], [ -3.978087735958142, 32.675120621951066 ], [ -3.961987735780878, 32.695020621516257 ], [ -3.931187737247375, 32.721420621343682 ], [ -3.911787736848342, 32.738920621409761 ], [ -3.897287737322272, 32.761520621775404 ], [ -3.889887735829958, 32.786320621446407 ], [ -3.881287736024193, 32.808320621649464 ], [ -3.870887737332118, 32.824020621096203 ], [ -3.853587735952683, 32.838120621362954 ], [ -3.819087737273085, 32.873120621215982 ], [ -3.804687736319969, 32.896520621501104 ], [ -3.765887737290531, 32.936620621453059 ], [ -3.731887737018843, 32.966020621934597 ], [ -3.714787736985488, 32.983120621704359 ], [ -3.707387736573072, 33.004220621395959 ], [ -3.701587735704226, 33.02082062187722 ], [ -3.669687736538544, 33.04482062186306 ], [ -3.633487736502691, 33.078620621026673 ], [ -3.609487735495633, 33.097020621221397 ] ] ] ] } },
{ "type": "Feature", "properties": { "Nom_Commun": "Figuig (Mun.)", "Province": "Figuig", "Population 2024": 9903, "Taux d'analphabétisme  (%)": 16.6, "Taux de scolarisation (%)": 94.0, "Taux d'activité (%)": 36.6, "Taux de chômage (%)": 35.0, "Eau courante (%)": 98.7, "Électricité (%)": 97.5, "Indice de pauvreté multidimensionnelle (en %)": 2.23, "Taux de pauvreté (en %)": 5.9, "Taux de vulnérabilité (en %)": 4.1, "Accès_à_Assainissement": 98.3 }, "geometry": { "type": "MultiPolygon", "coordinates": [ [ [ [ -1.240587738715458, 32.081420625252989 ], [ -1.242887739118279, 32.08182062528757 ], [ -1.245187738214654, 32.08212062586351 ], [ -1.245987738655491, 32.083920624956725 ], [ -1.246287739272238, 32.084620625859927 ], [ -1.246387738533892, 32.085520625235169 ], [ -1.246787738492295, 32.088120625141727 ], [ -1.246887739135059, 32.088820625603191 ], [ -1.247287738701982, 32.091620625466241 ], [ -1.247587738853545, 32.094120625737787 ], [ -1.247887739307235, 32.096720625496026 ], [ -1.248187739453208, 32.097920625758199 ], [ -1.248387739575915, 32.09862062547019 ], [ -1.24838773888325, 32.098720624935879 ], [ -1.248287739011985, 32.098920625640879 ], [ -1.248187739140711, 32.099120625346004 ], [ -1.248187738676771, 32.099620625675627 ], [ -1.248087739341198, 32.100320625712058 ], [ -1.248087739333282, 32.101620625776199 ], [ -1.248187739274988, 32.102420625737466 ], [ -1.24838773939499, 32.103120625460434 ], [ -1.248587738900927, 32.103620625250308 ], [ -1.248687739307251, 32.103920624879336 ], [ -1.248887737812805, 32.104420625670585 ], [ -1.249187739497198, 32.104820625221755 ], [ -1.249387739388988, 32.10512062507884 ], [ -1.249787739559042, 32.105520624857839 ], [ -1.250487738413009, 32.106320625190925 ], [ -1.250787738790305, 32.106620625276577 ], [ -1.251087738167631, 32.106920625362584 ], [ -1.251287738059014, 32.107220625222155 ], [ -1.251387738770968, 32.107620625324031 ], [ -1.251187739412188, 32.107820625808138 ], [ -1.250987739053486, 32.108020625292347 ], [ -1.250587739335963, 32.10842062526109 ], [ -1.250387738670756, 32.108520625276476 ], [ -1.250287738491385, 32.108620625518746 ], [ -1.25028773779781, 32.108720624987903 ], [ -1.250287738329807, 32.10922062533426 ], [ -1.250187738907298, 32.110220625802498 ], [ -1.250187738826153, 32.110520625211727 ], [ -1.250387739166197, 32.111620624835339 ], [ -1.250587738668574, 32.112120625640543 ], [ -1.250887738492915, 32.113220625497405 ], [ -1.251087737994592, 32.113720625305547 ], [ -1.251787739430922, 32.116020625735054 ], [ -1.250387738827075, 32.11772062557862 ], [ -1.249087737791045, 32.119120625239567 ], [ -1.246887739437921, 32.121520625593092 ], [ -1.245687738885634, 32.122920625496214 ], [ -1.245387738344877, 32.123220625235902 ], [ -1.243887738894138, 32.123820625669893 ], [ -1.241787739447737, 32.124720625163278 ], [ -1.23838773891574, 32.126020625600503 ], [ -1.235287738878364, 32.126020625551334 ], [ -1.231287737871918, 32.125820625507451 ], [ -1.230787738753005, 32.125920624844994 ], [ -1.229287738176565, 32.125820624960269 ], [ -1.228987738722448, 32.125820625278216 ], [ -1.22848773829897, 32.125820625141451 ], [ -1.227587739021641, 32.125520625672799 ], [ -1.226487738775426, 32.125220625750018 ], [ -1.223187737734311, 32.124220625511683 ], [ -1.221387739183371, 32.123620625580621 ], [ -1.218587738874801, 32.12272062496077 ], [ -1.217987739358618, 32.12252062565193 ], [ -1.217387738842591, 32.12232062534332 ], [ -1.216087739326781, 32.121920625499619 ], [ -1.213587738475418, 32.121020625570182 ], [ -1.212787737686699, 32.120720625337057 ], [ -1.212387738139646, 32.120520625484744 ], [ -1.211987737898221, 32.120420625104501 ], [ -1.211487739172943, 32.120320625497136 ], [ -1.210887738963944, 32.120220625662789 ], [ -1.210587739512305, 32.120220624981592 ], [ -1.210287738837962, 32.119820625413666 ], [ -1.20948773821555, 32.118920625354349 ], [ -1.208687737675037, 32.117720624885749 ], [ -1.207987739535205, 32.116820625061003 ], [ -1.20758773937619, 32.116420625271495 ], [ -1.207187739217155, 32.116020625482633 ], [ -1.206887737847809, 32.115720625391418 ], [ -1.206687737655996, 32.115320625057578 ], [ -1.206587738947818, 32.11492062495121 ], [ -1.206487737851826, 32.114720625784706 ], [ -1.206087737998482, 32.11442062546822 ], [ -1.205087739630817, 32.113920625852018 ], [ -1.20438773932668, 32.113620625856043 ], [ -1.204287739536805, 32.11352062516 ], [ -1.204987738778109, 32.112820625463748 ], [ -1.205587739535562, 32.11212062554209 ], [ -1.205987738938276, 32.111620625105573 ], [ -1.20648773851816, 32.11102062542799 ], [ -1.206987739404378, 32.110520625219756 ], [ -1.207187739452315, 32.110220625268468 ], [ -1.207887737999463, 32.109620625046716 ], [ -1.208287737708322, 32.109220625081605 ], [ -1.208887738078187, 32.108720625102585 ], [ -1.20998773964065, 32.107820625387276 ], [ -1.210387739656122, 32.107520624891535 ], [ -1.211387738348279, 32.106820624886815 ], [ -1.212987738331128, 32.105920625308997 ], [ -1.213387737812214, 32.105120625480687 ], [ -1.214387738513177, 32.10312062541864 ], [ -1.214787738071259, 32.102020625199991 ], [ -1.216287738425572, 32.097820625065708 ], [ -1.216487738626003, 32.096920625340822 ], [ -1.216787739002448, 32.095920625381083 ], [ -1.216887737870556, 32.094420625655644 ], [ -1.219187738848996, 32.091120625589816 ], [ -1.219287737717246, 32.090920624891758 ], [ -1.223187738218009, 32.088520625627638 ], [ -1.22468773940508, 32.087520625405844 ], [ -1.226587738914892, 32.086320625168902 ], [ -1.227787739573794, 32.085620625656084 ], [ -1.22878773880577, 32.085420624994789 ], [ -1.229587739376789, 32.085320625342113 ], [ -1.230687738094645, 32.085120624906907 ], [ -1.231487739666424, 32.085020625254209 ], [ -1.232787738355468, 32.084820625270943 ], [ -1.234187737839025, 32.084720624974217 ], [ -1.23568773919166, 32.084420624982513 ], [ -1.235787738416724, 32.081420625410523 ], [ -1.236187738357861, 32.081420625314031 ], [ -1.23758773884371, 32.081320625016865 ], [ -1.239887738317034, 32.08142062567169 ], [ -1.240587738715458, 32.081420625252989 ] ] ] ] } },
{ "type": "Feature", "properties": { "Nom_Commun": "Maatarka", "Province": "Figuig", "Population 2024": 6552, "Taux d'analphabétisme  (%)": 50.7, "Taux de scolarisation (%)": 88.4, "Taux d'activité (%)": 35.6, "Taux de chômage (%)": 30.9, "Eau courante (%)": 0.1, "Électricité (%)": 70.1, "Indice de pauvreté multidimensionnelle (en %)": 16.09, "Taux de pauvreté (en %)": 38.1, "Taux de vulnérabilité (en %)": 23.1, "Accès_à_Assainissement": 7.8 }, "geometry": { "type": "MultiPolygon", "coordinates": [ [ [ [ -2.720287737050269, 33.659820620907233 ], [ -2.71588773549043, 33.658920620913406 ], [ -2.685387737013154, 33.655420621341371 ], [ -2.661887736023178, 33.654320620957584 ], [ -2.623287737008229, 33.649420620963582 ], [ -2.584787736730389, 33.643620621143327 ], [ -2.548487736638567, 33.638820621264685 ], [ -2.510787736919641, 33.637820621049663 ], [ -2.492987735618641, 33.637420621482775 ], [ -2.471987735988145, 33.636820621802002 ], [ -2.434287735653227, 33.635820621752679 ], [ -2.408387735499124, 33.636420621680607 ], [ -2.378487735910107, 33.638520621802343 ], [ -2.349287736298636, 33.640520621878188 ], [ -2.330887737197222, 33.644320622092479 ], [ -2.311087737316113, 33.652620621925095 ], [ -2.284687736369193, 33.666120622206591 ], [ -2.271187736478538, 33.672920621675715 ], [ -2.247987736818358, 33.68162062155011 ], [ -2.23198773618245, 33.687920621927027 ], [ -2.210987735707922, 33.693120621671007 ], [ -2.180987735883858, 33.693020621440553 ], [ -2.15378773712765, 33.691120621401524 ], [ -2.141787736850222, 33.688120622076283 ], [ -2.144087736505869, 33.681820622004423 ], [ -2.144887736943814, 33.67772062165627 ], [ -2.145587735669479, 33.674120622268056 ], [ -2.145287736855352, 33.670320622021052 ], [ -2.144987735532627, 33.666220621720832 ], [ -2.144687737028995, 33.662020621446686 ], [ -2.143187737270724, 33.657820621843868 ], [ -2.141787736848028, 33.654120621740589 ], [ -2.141487736297794, 33.649920621648917 ], [ -2.140587736612603, 33.645720621926557 ], [ -2.140287736197484, 33.641620621986121 ], [ -2.139487736000315, 33.637420621671062 ], [ -2.139087736706859, 33.633720621662071 ], [ -2.139387737523072, 33.629120621477234 ], [ -2.139587737476182, 33.624920622163856 ], [ -2.139387736656614, 33.620320621711656 ], [ -2.139587736746022, 33.616220621543313 ], [ -2.140387736620267, 33.612520622182174 ], [ -2.140587737533032, 33.608920622195747 ], [ -2.140287735809757, 33.604720621770397 ], [ -2.138787737515104, 33.600920622086335 ], [ -2.138987737389713, 33.59732062224623 ], [ -2.139287736742055, 33.593120621675943 ], [ -2.139587736700848, 33.588120622106231 ], [ -2.140887735701958, 33.583620622451711 ], [ -2.14168773577717, 33.579520622481432 ], [ -2.142387736877688, 33.576320622316352 ], [ -2.143787737180685, 33.571720622114974 ], [ -2.144587737214068, 33.567620622307189 ], [ -2.145887736707527, 33.564020621948274 ], [ -2.14778773631416, 33.560420622307213 ], [ -2.149087736662327, 33.557320622015858 ], [ -2.150987737374789, 33.553220622472246 ], [ -2.152787737607869, 33.549720621669117 ], [ -2.154187736811999, 33.545120621864868 ], [ -2.154487736266876, 33.5405206220642 ], [ -2.154587737252285, 33.536820621687994 ], [ -2.155487737495159, 33.530920621841815 ], [ -2.155787736491174, 33.527220622143801 ], [ -2.155487737635665, 33.523120621882356 ], [ -2.155087736957294, 33.519420622337798 ], [ -2.155387737306302, 33.514820621943656 ], [ -2.154987737316431, 33.511520622431739 ], [ -2.155287737530102, 33.507420622061908 ], [ -2.153787737065352, 33.503720621669331 ], [ -2.152387737308099, 33.499020621835292 ], [ -2.150987737156728, 33.495220621860192 ], [ -2.150087736874362, 33.491020622427783 ], [ -2.148687736877338, 33.487320622537588 ], [ -2.147287737686734, 33.483520621727216 ], [ -2.14638773636023, 33.479320622474063 ], [ -2.145487737017917, 33.475120622284756 ], [ -2.145287736843752, 33.470120622359744 ], [ -2.143787736989538, 33.466820622338901 ], [ -2.141887736554896, 33.461620621941996 ], [ -2.139987736937397, 33.457420622263804 ], [ -2.13748773699612, 33.453120622037581 ], [ -2.135487737567206, 33.449320622055431 ], [ -2.134587736038019, 33.445620622115968 ], [ -2.133087737187571, 33.441820622618017 ], [ -2.132787737013563, 33.437720622611195 ], [ -2.131387737725827, 33.43342062273139 ], [ -2.129487736072831, 33.428720622738432 ], [ -2.127487737499009, 33.425420621856865 ], [ -2.125387736145439, 33.422520622540212 ], [ -2.125087736899404, 33.418420621820339 ], [ -2.124787736390089, 33.414720621945904 ], [ -2.12228773729266, 33.410420622415316 ], [ -2.121387737635284, 33.406720622003348 ], [ -2.120587737594995, 33.40202062249184 ], [ -2.120287736618959, 33.396520621905331 ], [ -2.120087736135913, 33.391020622698285 ], [ -2.119887736387992, 33.385920622342674 ], [ -2.1194877362497, 33.382220622621389 ], [ -2.119287736461342, 33.377120622422865 ], [ -2.119487736689633, 33.372520622065736 ], [ -2.11918773729758, 33.36792062241738 ], [ -2.119487736008401, 33.363320622478945 ], [ -2.119287736133489, 33.35822062261547 ], [ -2.118987737682275, 33.353620622196686 ], [ -2.119187737558535, 33.34992062252774 ], [ -2.119387737646022, 33.345820622214887 ], [ -2.119587737496661, 33.342120622644885 ], [ -2.119887736322114, 33.337120622435272 ], [ -2.119587737565165, 33.33292062202608 ], [ -2.118787737428186, 33.327820622072601 ], [ -2.118487736616661, 33.324120622376128 ], [ -2.11758773745567, 33.320820622756102 ], [ -2.116187735912007, 33.316620622607225 ], [ -2.114687737606718, 33.313320622452238 ], [ -2.113787736637344, 33.309120622774024 ], [ -2.112387736830976, 33.30582062298182 ], [ -2.110387737893813, 33.30252062260729 ], [ -2.108887736548989, 33.299220622627089 ], [ -2.106387737795327, 33.295820622079987 ], [ -2.103887737440887, 33.291620622350784 ], [ -2.102387736271639, 33.287420622389924 ], [ -2.101087737127346, 33.282720622532771 ], [ -2.099687736443699, 33.278020622486473 ], [ -2.097187737829457, 33.274220622629052 ], [ -2.096787737324, 33.271020622861165 ], [ -2.09478773628633, 33.267220622452086 ], [ -2.093387736362697, 33.263920622179882 ], [ -2.091987736410166, 33.259620623027793 ], [ -2.090587736643784, 33.255420622834187 ], [ -2.088587737556217, 33.251620622648915 ], [ -2.087187737776324, 33.247920623018118 ], [ -2.086287736581551, 33.244220622780759 ], [ -2.085987737452959, 33.239520622353993 ], [ -2.085087737209369, 33.235320622811322 ], [ -2.084787737089159, 33.231620622349944 ], [ -2.083987737540175, 33.227520623074497 ], [ -2.084187737991035, 33.223820623054024 ], [ -2.083787736313324, 33.220120622474269 ], [ -2.083987737739834, 33.216420622548156 ], [ -2.084387737479665, 33.210920622451454 ], [ -2.085187737305275, 33.205920622891682 ], [ -2.085987737938447, 33.201320622901548 ], [ -2.086787737591648, 33.19722062233236 ], [ -2.086987737944002, 33.193520622693661 ], [ -2.087187737492535, 33.189920622969396 ], [ -2.085787737296955, 33.186120622291902 ], [ -2.08388773765502, 33.181920622876447 ], [ -2.081787736680045, 33.179020623220154 ], [ -2.079787736380468, 33.175720622413195 ], [ -2.07778773802303, 33.171920622342284 ], [ -2.07588773617319, 33.168120622592419 ], [ -2.072287737325255, 33.16282062250859 ], [ -2.069287737781969, 33.157620622984012 ], [ -2.066787737774664, 33.15382062285002 ], [ -2.064787737257602, 33.15092062277823 ], [ -2.061687738118754, 33.147120623153022 ], [ -2.059687737737945, 33.143820622754689 ], [ -2.057787737739027, 33.139520623168927 ], [ -2.055787737338206, 33.136220622866851 ], [ -2.053787737793714, 33.131920623140033 ], [ -2.052387737483287, 33.128620622521218 ], [ -2.051487737970504, 33.124020623293831 ], [ -2.049487737527602, 33.120720623186052 ], [ -2.049287737395861, 33.116020623098485 ], [ -2.048887737500243, 33.111920622596031 ], [ -2.050387736554153, 33.106020623084369 ], [ -2.050687738088278, 33.100920623209326 ], [ -2.051487737492678, 33.096420622744326 ], [ -2.053387737453022, 33.092320622573567 ], [ -2.055287736618426, 33.088320623287103 ], [ -2.056687736999977, 33.083320623435668 ], [ -2.058587737047191, 33.078820623121217 ], [ -2.061587736789327, 33.074320622760574 ], [ -2.063987737593263, 33.070820623141742 ], [ -2.06628773662404, 33.06812062289562 ], [ -2.068687737390447, 33.06552062275717 ], [ -2.071087738079465, 33.061520623115179 ], [ -2.074687736895749, 33.057020622560849 ], [ -2.079187737789881, 33.0545206228308 ], [ -2.083087737551614, 33.052920622924184 ], [ -2.087087736633929, 33.050320623088119 ], [ -2.091087737939888, 33.047820623087809 ], [ -2.093487737589267, 33.044720623006015 ], [ -2.096287736309016, 33.042520623352168 ], [ -2.098687736951431, 33.039420623317817 ], [ -2.101687737829273, 33.035920622620807 ], [ -2.104087737352039, 33.031420623253311 ], [ -2.105987737365943, 33.027420622702962 ], [ -2.108387737976432, 33.023420622508503 ], [ -2.110287736851677, 33.018920623009969 ], [ -2.111187737256413, 33.013420622889257 ], [ -2.110887736269618, 33.008320622964547 ], [ -2.109487736561397, 33.00502062274326 ], [ -2.107487736612656, 33.00212062321409 ], [ -2.105987737465792, 32.998420622600506 ], [ -2.105187736831688, 32.994220622854741 ], [ -2.104887737886871, 32.98962062327503 ], [ -2.103987736603257, 32.985820622591767 ], [ -2.104287737754173, 32.981220622706104 ], [ -2.103387736761352, 32.977120622751286 ], [ -2.103187737131639, 32.972020622740487 ], [ -2.103387736616135, 32.967820622980121 ], [ -2.104187736443945, 32.963720622624983 ], [ -2.104487737505906, 32.959120623086577 ], [ -2.105187737010431, 32.955120623378718 ], [ -2.106587737842587, 32.951420622893245 ], [ -2.107287737091909, 32.947320623502023 ], [ -2.109187737822027, 32.943320623051662 ], [ -2.11108773738939, 32.938820622741268 ], [ -2.11358773707573, 32.934320623043966 ], [ -2.116487738072375, 32.931220623350569 ], [ -2.119387738140833, 32.927720623570693 ], [ -2.122887737424008, 32.925120623370724 ], [ -2.126387736623058, 32.921620623198237 ], [ -2.130287737158648, 32.91952062295055 ], [ -2.134787736999369, 32.917920623136453 ], [ -2.13868773754555, 32.91582062290594 ], [ -2.143787737544356, 32.914220622649225 ], [ -2.148787737191838, 32.913120623010514 ], [ -2.15318773770437, 32.912020622827754 ], [ -2.157587737155482, 32.91132062274243 ], [ -2.163687736700685, 32.911120622906559 ], [ -2.169087737678993, 32.911820623238178 ], [ -2.173987738275713, 32.912620623061784 ], [ -2.17938773727895, 32.913320623404211 ], [ -2.184387737941952, 32.912620622862242 ], [ -2.189387736849083, 32.912020623095842 ], [ -2.194287737009609, 32.911320623296625 ], [ -2.198287737351328, 32.909720623203263 ], [ -2.20318773637012, 32.908520623531793 ], [ -2.206587737564359, 32.906920622901019 ], [ -2.210587736761887, 32.904820622952784 ], [ -2.213987736799869, 32.902720623469598 ], [ -2.217887736478029, 32.90062062328446 ], [ -2.221387736816228, 32.89842062330824 ], [ -2.224187736695037, 32.896320623313812 ], [ -2.228287737064647, 32.891920622961926 ], [ -2.231187738236796, 32.889720623492082 ], [ -2.233487738302455, 32.887120623419207 ], [ -2.235887737549693, 32.883520622949739 ], [ -2.238787737493344, 32.879520622739683 ], [ -2.240687737256144, 32.876420622892375 ], [ -2.243587737006631, 32.87192062294956 ], [ -2.246087737807393, 32.867920622852168 ], [ -2.248487737249455, 32.864420623351378 ], [ -2.250887737320362, 32.859920623290336 ], [ -2.253887737607079, 32.855020622796019 ], [ -2.256787736432829, 32.851420622954208 ], [ -2.259287737183123, 32.847420623104526 ], [ -2.261587738192489, 32.844820623354344 ], [ -2.264487738189816, 32.841720623388291 ], [ -2.267387737230757, 32.838220623438716 ], [ -2.270887736595249, 32.835620622822454 ], [ -2.274887737465311, 32.832120622742096 ], [ -2.278287737494532, 32.830020622662609 ], [ -2.281187737436544, 32.827320622821041 ], [ -2.286287737429567, 32.823520623379828 ], [ -2.289187736609194, 32.820920623333159 ], [ -2.293187737634897, 32.818320623109223 ], [ -2.296587737472815, 32.815720623372897 ], [ -2.300487738172377, 32.813620622654277 ], [ -2.305087736639828, 32.811120622750373 ], [ -2.309487738010676, 32.809020623327484 ], [ -2.313987737920614, 32.806920623168871 ], [ -2.317887738012179, 32.806220622895765 ], [ -2.32288773760206, 32.804120623021348 ], [ -2.329087737878192, 32.801720622983588 ], [ -2.334087737695314, 32.800120622836715 ], [ -2.339587737605626, 32.799520623382548 ], [ -2.344587736411701, 32.798320623206209 ], [ -2.348987738229839, 32.797620623211962 ], [ -2.353387737057067, 32.796920623217964 ], [ -2.357887736462381, 32.795820623513919 ], [ -2.362787736775438, 32.794620623088178 ], [ -2.366687737954891, 32.793920622823983 ], [ -2.371087736818677, 32.793220622832088 ], [ -2.375587737227232, 32.792520623094902 ], [ -2.379987738109517, 32.791820623103668 ], [ -2.38438773700099, 32.791120623112668 ], [ -2.389887737043144, 32.790520622660431 ], [ -2.394287737746075, 32.789320622968866 ], [ -2.400887736719755, 32.788720623314688 ], [ -2.405287737654778, 32.788020623325075 ], [ -2.410787737719636, 32.787820622833863 ], [ -2.416287737831292, 32.787220623382247 ], [ -2.422387738185016, 32.786620623456862 ], [ -2.427787736757012, 32.786420622711951 ], [ -2.43328773667159, 32.78572062352039 ], [ -2.438287737938907, 32.784620623096913 ], [ -2.443887736451559, 32.783520623200793 ], [ -2.448287737476694, 32.782820623212672 ], [ -2.452087738032412, 32.78202062295945 ], [ -2.457687736581031, 32.78092062306586 ], [ -2.463687737334606, 32.779420623233989 ], [ -2.470387737856082, 32.778320623140168 ], [ -2.474287738263578, 32.777220622928624 ], [ -2.488287736900532, 32.771420622710565 ], [ -2.499187738232458, 32.777320622982288 ], [ -2.514287737747829, 32.787520623054888 ], [ -2.533887737233333, 32.800020623284389 ], [ -2.566287737077708, 32.796520622778182 ], [ -2.599087736610977, 32.793020623296343 ], [ -2.610887737370409, 32.784820623134699 ], [ -2.702587736863692, 32.750920623160596 ], [ -2.702787737159259, 32.751820623306863 ], [ -2.704787737295382, 32.764620623106609 ], [ -2.709187738119863, 32.784720623207313 ], [ -2.718387737620492, 32.806720622421096 ], [ -2.728287737032875, 32.827220622762482 ], [ -2.730887737697905, 32.839620622502785 ], [ -2.734687737572787, 32.850620623064387 ], [ -2.73608773806017, 32.866320622409944 ], [ -2.739487736150197, 32.881920623007396 ], [ -2.740987737065404, 32.896020622719931 ], [ -2.743087737748509, 32.896920622261604 ], [ -2.744787736940069, 32.912920622332159 ], [ -2.750987737875847, 32.947020622397176 ], [ -2.751787737304606, 32.96922062234102 ], [ -2.756787736617821, 32.98742062217169 ], [ -2.766287737865108, 33.013020622329719 ], [ -2.7704877368927, 33.026120622369028 ], [ -2.772787736941176, 33.033120621916808 ], [ -2.778987736523146, 33.053920622097571 ], [ -2.783187737675285, 33.063120622024378 ], [ -2.789487737316926, 33.0718206225879 ], [ -2.796287737169198, 33.084020622682097 ], [ -2.803187736987856, 33.098820621969416 ], [ -2.809287737475405, 33.119920622550168 ], [ -2.812187737409198, 33.132220622304963 ], [ -2.820687737129535, 33.155020621845225 ], [ -2.823187736925563, 33.162220622026538 ], [ -2.830487737571973, 33.184620622304443 ], [ -2.837787737427186, 33.191120621953381 ], [ -2.842087737331602, 33.191120621542396 ], [ -2.851787736021217, 33.189520622391314 ], [ -2.860487736141806, 33.186920621619301 ], [ -2.873987736575307, 33.187020621890461 ], [ -2.878787737183314, 33.187920621867455 ], [ -2.895887736828627, 33.205220622170138 ], [ -2.905387736187733, 33.219220622240258 ], [ -2.95278773652205, 33.28782062182789 ], [ -2.982587735730275, 33.342320621084177 ], [ -2.995287737123381, 33.360820621521086 ], [ -3.022287735981848, 33.376720621773153 ], [ -3.042587737226324, 33.391620620957511 ], [ -3.048887737179501, 33.401020621711027 ], [ -3.036887736432939, 33.415720621773595 ], [ -3.022987737233941, 33.431720620957023 ], [ -3.009787736972952, 33.446120621035114 ], [ -2.990487735796704, 33.464120621403481 ], [ -2.976287735689998, 33.477920621032247 ], [ -2.962587735623614, 33.491320621591264 ], [ -2.952587736009794, 33.500620621830841 ], [ -2.940287736914331, 33.510720620915336 ], [ -2.929787735812011, 33.517920621043395 ], [ -2.919287737198208, 33.527120621543091 ], [ -2.910587736358818, 33.53502062114557 ], [ -2.904887736809611, 33.541520621129301 ], [ -2.895587735831008, 33.550720621613017 ], [ -2.888487737114763, 33.561120620815792 ], [ -2.880787736675778, 33.571920621757343 ], [ -2.873487736439742, 33.585120620912321 ], [ -2.864387735270216, 33.600220621184569 ], [ -2.85778773633651, 33.610220621217586 ], [ -2.857287735894393, 33.611020621112822 ], [ -2.848887735381693, 33.623720621523844 ], [ -2.84048773712586, 33.635420620952189 ], [ -2.830987735888748, 33.646620621405695 ], [ -2.820887736464986, 33.657320621245098 ], [ -2.811587735538127, 33.66562062132472 ], [ -2.796487736713676, 33.672120620973267 ], [ -2.790987736743562, 33.674820620859045 ], [ -2.775087737089939, 33.673520621697342 ], [ -2.761687736004835, 33.67142062124082 ], [ -2.748387737123565, 33.667820621275176 ], [ -2.730987736422179, 33.662120621590319 ], [ -2.720287737050269, 33.659820620907233 ] ] ] ] } },
{ "type": "Feature", "properties": { "Nom_Commun": "Ain Chair", "Province": "Figuig", "Population 2024": 1499, "Taux d'analphabétisme  (%)": 32.4, "Taux de scolarisation (%)": 92.7, "Taux d'activité (%)": 34.0, "Taux de chômage (%)": 23.2, "Eau courante (%)": 74.7, "Électricité (%)": 97.2, "Indice de pauvreté multidimensionnelle (en %)": 2.62, "Taux de pauvreté (en %)": 6.8, "Taux de vulnérabilité (en %)": 8.1, "Accès_à_Assainissement": 95.0 }, "geometry": { "type": "MultiPolygon", "coordinates": [ [ [ [ -2.403518427229907, 32.261803221590327 ], [ -2.402487737152666, 32.265120624407828 ], [ -2.403987738054821, 32.276220623490701 ], [ -2.410587738771497, 32.292020623902751 ], [ -2.445787738712174, 32.373720623259409 ], [ -2.430487738136187, 32.407820623824527 ], [ -2.428313590854281, 32.427997035191673 ], [ -2.423865135456837, 32.42874179784652 ], [ -2.35433772712894, 32.439071652204639 ], [ -2.239007261252292, 32.436154684744515 ], [ -2.223279882171433, 32.347983753955141 ], [ -2.398077900313829, 32.262676965789595 ], [ -2.403518427229907, 32.261803221590327 ] ] ] ] } }
]
}
